<i>
  <i image="2121007_0.png" delay="100" x="-32" y="-32"/>
  <i image="2121007_1.png" delay="100" x="-32" y="-32"/>
  <i image="2121007_2.png" delay="100" x="-32" y="-32"/>
  <i image="effect_0.png" delay="120" x="-104" y="-155"/>
  <i image="effect_1.png" delay="120" x="-104" y="-155"/>
  <i image="effect_2.png" delay="120" x="-104" y="-155"/>
  <i image="effect_3.png" delay="120" x="-104" y="-155"/>
  <i image="effect_4.png" delay="120" x="-104" y="-155"/>
  <i image="effect_5.png" delay="120" x="-104" y="-155"/>
  <i image="effect_6.png" delay="120" x="-104" y="-155"/>
  <i image="effect_7.png" delay="120" x="-104" y="-155"/>
  <i image="effect_8.png" delay="120" x="-104" y="-155"/>
  <i image="effect_9.png" delay="120" x="-104" y="-155"/>
  <i image="effect_10.png" delay="120" x="-104" y="-155"/>
  <i image="effect_11.png" delay="120" x="-104" y="-155"/>
  <i image="effect_12.png" delay="120" x="-104" y="-155"/>
  <i image="hit.0_0.png" delay="120" x="-53" y="-77"/>
  <i image="hit.0_1.png" delay="120" x="-53" y="-77"/>
  <i image="hit.0_2.png" delay="120" x="-53" y="-77"/>
  <i image="hit.0_3.png" delay="120" x="-53" y="-77"/>
  <i image="hit.0_4.png" delay="120" x="-53" y="-77"/>
  <i image="hit.0_5.png" delay="120" x="-53" y="-77"/>
  <i image="effect0_0.png" delay="120" x="-108" y="-186"/>
  <i image="effect0_1.png" delay="120" x="-108" y="-186"/>
  <i image="effect0_2.png" delay="120" x="-108" y="-186"/>
  <i image="effect0_3.png" delay="120" x="-108" y="-186"/>
  <i image="effect0_4.png" delay="120" x="-108" y="-186"/>
  <i image="effect0_5.png" delay="120" x="-108" y="-186"/>
  <i image="effect0_6.png" delay="120" x="-108" y="-186"/>
  <i image="effect0_7.png" delay="120" x="-108" y="-186"/>
  <i image="effect0_8.png" delay="120" x="-108" y="-186"/>
  <i image="effect0_9.png" delay="120" x="-108" y="-186"/>
  <i image="effect0_10.png" delay="120" x="-108" y="-186"/>
  <i image="effect0_11.png" delay="120" x="-108" y="-186"/>
  <i image="effect0_12.png" delay="120" x="-108" y="-186"/>
  <i image="effect0_13.png" delay="120" x="-108" y="-186"/>
  <i image="effect0_14.png" delay="120" x="-108" y="-186"/>
  <i image="effect0_15.png" delay="120" x="-108" y="-186"/>
  <i image="effect0_16.png" delay="120" x="-108" y="-186"/>
  <i image="effect0_17.png" delay="120" x="-108" y="-186"/>
  <i image="effect0_18.png" delay="120" x="-108" y="-186"/>
  <i image="effect0_19.png" delay="120" x="-108" y="-186"/>
  <i image="tile.0_0.png" delay="360" x="-148" y="-172"/>
  <i image="tile.0_1.png" delay="90" x="-148" y="-172"/>
  <i image="tile.0_2.png" delay="90" x="-148" y="-172"/>
  <i image="tile.0_3.png" delay="90" x="-148" y="-172"/>
  <i image="tile.0_4.png" delay="90" x="-148" y="-172"/>
  <i image="tile.0_5.png" delay="90" x="-148" y="-172"/>
  <i image="tile.0_6.png" delay="90" x="-148" y="-172"/>
  <i image="tile.0_7.png" delay="90" x="-148" y="-172"/>
  <i image="tile.0_8.png" delay="90" x="-148" y="-172"/>
  <i image="tile.0_9.png" delay="90" x="-148" y="-172"/>
  <i image="tile.0_10.png" delay="90" x="-148" y="-172"/>
  <i image="tile.0_11.png" delay="90" x="-148" y="-172"/>
  <i image="tile.0_12.png" delay="90" x="-148" y="-172"/>
  <i image="tile.0_13.png" delay="90" x="-148" y="-172"/>
  <i image="tile.0_14.png" delay="90" x="-148" y="-172"/>
  <i image="tile.0_15.png" delay="90" x="-148" y="-172"/>
  <i image="tile.0_16.png" delay="90" x="-148" y="-172"/>
  <i image="tile.0_17.png" delay="90" x="-148" y="-172"/>
  <i image="tile.0_18.png" delay="90" x="-148" y="-172"/>
  <i image="tile.0_19.png" delay="90" x="-148" y="-172"/>
  <i image="tile.0_20.png" delay="90" x="-148" y="-172"/>
  <i image="tile.0_21.png" delay="1200" x="-148" y="-172"/>
  <i image="tile.1_0.png" delay="480" x="-195" y="-234"/>
  <i image="tile.1_1.png" delay="90" x="-195" y="-234"/>
  <i image="tile.1_2.png" delay="90" x="-195" y="-234"/>
  <i image="tile.1_3.png" delay="90" x="-195" y="-234"/>
  <i image="tile.1_4.png" delay="90" x="-195" y="-234"/>
  <i image="tile.1_5.png" delay="90" x="-195" y="-234"/>
  <i image="tile.1_6.png" delay="90" x="-195" y="-234"/>
  <i image="tile.1_7.png" delay="90" x="-195" y="-234"/>
  <i image="tile.1_8.png" delay="90" x="-195" y="-234"/>
  <i image="tile.1_9.png" delay="90" x="-195" y="-234"/>
  <i image="tile.1_10.png" delay="90" x="-195" y="-234"/>
  <i image="tile.1_11.png" delay="90" x="-195" y="-234"/>
  <i image="tile.1_12.png" delay="90" x="-195" y="-234"/>
  <i image="tile.1_13.png" delay="90" x="-195" y="-234"/>
  <i image="tile.1_14.png" delay="90" x="-195" y="-234"/>
  <i image="tile.1_15.png" delay="90" x="-195" y="-234"/>
  <i image="tile.1_16.png" delay="90" x="-195" y="-234"/>
  <i image="tile.1_17.png" delay="90" x="-195" y="-234"/>
  <i image="tile.1_18.png" delay="90" x="-195" y="-234"/>
  <i image="tile.1_19.png" delay="90" x="-195" y="-234"/>
  <i image="tile.1_20.png" delay="90" x="-195" y="-234"/>
  <i image="tile.1_21.png" delay="1050" x="-195" y="-234"/>
  <i image="tile.2_0.png" delay="600" x="-255" y="-299"/>
  <i image="tile.2_1.png" delay="90" x="-255" y="-299"/>
  <i image="tile.2_2.png" delay="90" x="-255" y="-299"/>
  <i image="tile.2_3.png" delay="90" x="-255" y="-299"/>
  <i image="tile.2_4.png" delay="90" x="-255" y="-299"/>
  <i image="tile.2_5.png" delay="90" x="-255" y="-299"/>
  <i image="tile.2_6.png" delay="90" x="-255" y="-299"/>
  <i image="tile.2_7.png" delay="90" x="-255" y="-299"/>
  <i image="tile.2_8.png" delay="90" x="-255" y="-299"/>
  <i image="tile.2_9.png" delay="90" x="-255" y="-299"/>
  <i image="tile.2_10.png" delay="90" x="-255" y="-299"/>
  <i image="tile.2_11.png" delay="90" x="-255" y="-299"/>
  <i image="tile.2_12.png" delay="90" x="-255" y="-299"/>
  <i image="tile.2_13.png" delay="90" x="-255" y="-299"/>
  <i image="tile.2_14.png" delay="90" x="-255" y="-299"/>
  <i image="tile.2_15.png" delay="90" x="-255" y="-299"/>
  <i image="tile.2_16.png" delay="90" x="-255" y="-299"/>
  <i image="tile.2_17.png" delay="90" x="-255" y="-299"/>
  <i image="tile.2_18.png" delay="90" x="-255" y="-299"/>
  <i image="tile.2_19.png" delay="90" x="-255" y="-299"/>
  <i image="tile.2_20.png" delay="90" x="-255" y="-299"/>
  <i image="tile.2_21.png" delay="90" x="-255" y="-299"/>
  <i image="tile.2_22.png" delay="90" x="-255" y="-299"/>
  <i image="tile.2_23.png" delay="1050" x="-255" y="-299"/>
  <i image="tile.3_0.png" delay="60" x="-275" y="-338"/>
  <i image="tile.3_1.png" delay="90" x="-275" y="-338"/>
  <i image="tile.3_2.png" delay="90" x="-275" y="-338"/>
  <i image="tile.3_3.png" delay="90" x="-275" y="-338"/>
  <i image="tile.3_4.png" delay="90" x="-275" y="-338"/>
  <i image="tile.3_5.png" delay="90" x="-275" y="-338"/>
  <i image="tile.3_6.png" delay="90" x="-275" y="-338"/>
  <i image="tile.3_7.png" delay="90" x="-275" y="-338"/>
  <i image="tile.3_8.png" delay="90" x="-275" y="-338"/>
  <i image="tile.3_9.png" delay="90" x="-275" y="-338"/>
  <i image="tile.3_10.png" delay="90" x="-275" y="-338"/>
  <i image="tile.3_11.png" delay="90" x="-275" y="-338"/>
  <i image="tile.3_12.png" delay="90" x="-275" y="-338"/>
  <i image="tile.3_13.png" delay="90" x="-275" y="-338"/>
  <i image="tile.3_14.png" delay="90" x="-275" y="-338"/>
  <i image="tile.3_15.png" delay="90" x="-275" y="-338"/>
  <i image="tile.3_16.png" delay="90" x="-275" y="-338"/>
  <i image="tile.3_17.png" delay="90" x="-275" y="-338"/>
  <i image="tile.3_18.png" delay="90" x="-275" y="-338"/>
  <i image="tile.3_19.png" delay="90" x="-275" y="-338"/>
  <i image="tile.3_20.png" delay="90" x="-275" y="-338"/>
  <i image="tile.3_21.png" delay="90" x="-275" y="-338"/>
  <i image="tile.3_22.png" delay="90" x="-275" y="-338"/>
  <i image="tile.3_23.png" delay="1180" x="-275" y="-338"/>
  <i image="tile.4_0.png" delay="120" x="-346" y="-417"/>
  <i image="tile.4_1.png" delay="90" x="-346" y="-417"/>
  <i image="tile.4_2.png" delay="90" x="-346" y="-417"/>
  <i image="tile.4_3.png" delay="90" x="-346" y="-417"/>
  <i image="tile.4_4.png" delay="90" x="-346" y="-417"/>
  <i image="tile.4_5.png" delay="90" x="-346" y="-417"/>
  <i image="tile.4_6.png" delay="90" x="-346" y="-417"/>
  <i image="tile.4_7.png" delay="90" x="-346" y="-417"/>
  <i image="tile.4_8.png" delay="90" x="-346" y="-417"/>
  <i image="tile.4_9.png" delay="90" x="-346" y="-417"/>
  <i image="tile.4_10.png" delay="90" x="-346" y="-417"/>
  <i image="tile.4_11.png" delay="90" x="-346" y="-417"/>
  <i image="tile.4_12.png" delay="90" x="-346" y="-417"/>
  <i image="tile.4_13.png" delay="90" x="-346" y="-417"/>
  <i image="tile.4_14.png" delay="90" x="-346" y="-417"/>
  <i image="tile.4_15.png" delay="90" x="-346" y="-417"/>
  <i image="tile.4_16.png" delay="90" x="-346" y="-417"/>
  <i image="tile.4_17.png" delay="90" x="-346" y="-417"/>
  <i image="tile.4_18.png" delay="90" x="-346" y="-417"/>
  <i image="tile.4_19.png" delay="90" x="-346" y="-417"/>
  <i image="tile.4_20.png" delay="90" x="-346" y="-417"/>
  <i image="tile.4_21.png" delay="90" x="-346" y="-417"/>
  <i image="tile.4_22.png" delay="90" x="-346" y="-417"/>
  <i image="tile.4_23.png" delay="1050" x="-346" y="-417"/>
  <i image="tile.5_0.png" delay="270" x="-350" y="-414"/>
  <i image="tile.5_1.png" delay="90" x="-350" y="-414"/>
  <i image="tile.5_2.png" delay="90" x="-350" y="-414"/>
  <i image="tile.5_3.png" delay="90" x="-350" y="-414"/>
  <i image="tile.5_4.png" delay="90" x="-350" y="-414"/>
  <i image="tile.5_5.png" delay="90" x="-350" y="-414"/>
  <i image="tile.5_6.png" delay="90" x="-350" y="-414"/>
  <i image="tile.5_7.png" delay="90" x="-350" y="-414"/>
  <i image="tile.5_8.png" delay="90" x="-350" y="-414"/>
  <i image="tile.5_9.png" delay="90" x="-350" y="-414"/>
  <i image="tile.5_10.png" delay="90" x="-350" y="-414"/>
  <i image="tile.5_11.png" delay="90" x="-350" y="-414"/>
  <i image="tile.5_12.png" delay="90" x="-350" y="-414"/>
  <i image="tile.5_13.png" delay="90" x="-350" y="-414"/>
  <i image="tile.5_14.png" delay="90" x="-350" y="-414"/>
  <i image="tile.5_15.png" delay="90" x="-350" y="-414"/>
  <i image="tile.5_16.png" delay="90" x="-350" y="-414"/>
  <i image="tile.5_17.png" delay="90" x="-350" y="-414"/>
  <i image="tile.5_18.png" delay="90" x="-350" y="-414"/>
  <i image="tile.5_19.png" delay="90" x="-350" y="-414"/>
  <i image="tile.5_20.png" delay="90" x="-350" y="-414"/>
  <i image="tile.5_21.png" delay="90" x="-350" y="-414"/>
  <i image="tile.5_22.png" delay="90" x="-350" y="-414"/>
  <i image="tile.5_23.png" delay="90" x="-350" y="-414"/>
  <i image="tile.5_24.png" delay="1050" x="-350" y="-414"/>
  <i image="tile.6_0.png" delay="450" x="-372" y="-467"/>
  <i image="tile.6_1.png" delay="90" x="-372" y="-467"/>
  <i image="tile.6_2.png" delay="90" x="-372" y="-467"/>
  <i image="tile.6_3.png" delay="90" x="-372" y="-467"/>
  <i image="tile.6_4.png" delay="90" x="-372" y="-467"/>
  <i image="tile.6_5.png" delay="90" x="-372" y="-467"/>
  <i image="tile.6_6.png" delay="90" x="-372" y="-467"/>
  <i image="tile.6_7.png" delay="90" x="-372" y="-467"/>
  <i image="tile.6_8.png" delay="90" x="-372" y="-467"/>
  <i image="tile.6_9.png" delay="90" x="-372" y="-467"/>
  <i image="tile.6_10.png" delay="90" x="-372" y="-467"/>
  <i image="tile.6_11.png" delay="90" x="-372" y="-467"/>
  <i image="tile.6_12.png" delay="90" x="-372" y="-467"/>
  <i image="tile.6_13.png" delay="90" x="-372" y="-467"/>
  <i image="tile.6_14.png" delay="90" x="-372" y="-467"/>
  <i image="tile.6_15.png" delay="90" x="-372" y="-467"/>
  <i image="tile.6_16.png" delay="90" x="-372" y="-467"/>
  <i image="tile.6_17.png" delay="90" x="-372" y="-467"/>
  <i image="tile.6_18.png" delay="90" x="-372" y="-467"/>
  <i image="tile.6_19.png" delay="90" x="-372" y="-467"/>
  <i image="tile.6_20.png" delay="90" x="-372" y="-467"/>
  <i image="tile.6_21.png" delay="90" x="-372" y="-467"/>
  <i image="tile.6_22.png" delay="90" x="-372" y="-467"/>
  <i image="tile.6_23.png" delay="90" x="-372" y="-467"/>
  <i image="tile.6_24.png" delay="1180" x="-372" y="-467"/>
  <i image="tile.7_0.png" delay="510" x="-481" y="-591"/>
  <i image="tile.7_1.png" delay="90" x="-481" y="-591"/>
  <i image="tile.7_2.png" delay="90" x="-481" y="-591"/>
  <i image="tile.7_3.png" delay="90" x="-481" y="-591"/>
  <i image="tile.7_4.png" delay="90" x="-481" y="-591"/>
  <i image="tile.7_5.png" delay="90" x="-481" y="-591"/>
  <i image="tile.7_6.png" delay="90" x="-481" y="-591"/>
  <i image="tile.7_7.png" delay="90" x="-481" y="-591"/>
  <i image="tile.7_8.png" delay="90" x="-481" y="-591"/>
  <i image="tile.7_9.png" delay="90" x="-481" y="-591"/>
  <i image="tile.7_10.png" delay="90" x="-481" y="-591"/>
  <i image="tile.7_11.png" delay="90" x="-481" y="-591"/>
  <i image="tile.7_12.png" delay="90" x="-481" y="-591"/>
  <i image="tile.7_13.png" delay="90" x="-481" y="-591"/>
  <i image="tile.7_14.png" delay="90" x="-481" y="-591"/>
  <i image="tile.7_15.png" delay="90" x="-481" y="-591"/>
  <i image="tile.7_16.png" delay="90" x="-481" y="-591"/>
  <i image="tile.7_17.png" delay="90" x="-481" y="-591"/>
  <i image="tile.7_18.png" delay="90" x="-481" y="-591"/>
  <i image="tile.7_19.png" delay="90" x="-481" y="-591"/>
  <i image="tile.7_20.png" delay="90" x="-481" y="-591"/>
  <i image="tile.7_21.png" delay="90" x="-481" y="-591"/>
  <i image="tile.7_22.png" delay="90" x="-481" y="-591"/>
  <i image="tile.7_23.png" delay="90" x="-481" y="-591"/>
  <i image="tile.7_24.png" delay="1180" x="-481" y="-591"/>
  <i image="tile.8_0.png" delay="240" x="-631" y="-787"/>
  <i image="tile.8_1.png" delay="90" x="-631" y="-787"/>
  <i image="tile.8_2.png" delay="90" x="-631" y="-787"/>
  <i image="tile.8_3.png" delay="90" x="-631" y="-787"/>
  <i image="tile.8_4.png" delay="90" x="-631" y="-787"/>
  <i image="tile.8_5.png" delay="90" x="-631" y="-787"/>
  <i image="tile.8_6.png" delay="90" x="-631" y="-787"/>
  <i image="tile.8_7.png" delay="90" x="-631" y="-787"/>
  <i image="tile.8_8.png" delay="90" x="-631" y="-787"/>
  <i image="tile.8_9.png" delay="90" x="-631" y="-787"/>
  <i image="tile.8_10.png" delay="90" x="-631" y="-787"/>
  <i image="tile.8_11.png" delay="90" x="-631" y="-787"/>
  <i image="tile.8_12.png" delay="90" x="-631" y="-787"/>
  <i image="tile.8_13.png" delay="90" x="-631" y="-787"/>
  <i image="tile.8_14.png" delay="90" x="-631" y="-787"/>
  <i image="tile.8_15.png" delay="90" x="-631" y="-787"/>
  <i image="tile.8_16.png" delay="90" x="-631" y="-787"/>
  <i image="tile.8_17.png" delay="90" x="-631" y="-787"/>
  <i image="tile.8_18.png" delay="90" x="-631" y="-787"/>
  <i image="tile.8_19.png" delay="90" x="-631" y="-787"/>
  <i image="tile.8_20.png" delay="90" x="-631" y="-787"/>
  <i image="tile.8_21.png" delay="90" x="-631" y="-787"/>
  <i image="tile.8_22.png" delay="90" x="-631" y="-787"/>
  <i image="tile.8_23.png" delay="90" x="-631" y="-787"/>
  <i image="tile.8_24.png" delay="90" x="-631" y="-787"/>
  <i image="tile.8_25.png" delay="90" x="-631" y="-787"/>
  <i image="tile.8_26.png" delay="1180" x="-631" y="-787"/>
</i>