<i>
  <i image="stand_0.png" delay="180" x="-123" y="-164"/>
  <i image="stand_1.png" delay="180" x="-123" y="-164"/>
  <i image="stand_2.png" delay="180" x="-123" y="-164"/>
  <i image="stand_3.png" delay="180" x="-123" y="-164"/>
  <i image="stand_4.png" delay="180" x="-123" y="-164"/>
  <i image="stand_5.png" delay="180" x="-123" y="-164"/>
  <i image="move_0.png" delay="180" x="-132" y="-164"/>
  <i image="move_1.png" delay="180" x="-132" y="-164"/>
  <i image="move_2.png" delay="180" x="-132" y="-164"/>
  <i image="move_3.png" delay="180" x="-132" y="-164"/>
  <i image="attack1.info.hit_0.png" delay="210" x="-56" y="-85"/>
  <i image="attack1.info.hit_1.png" delay="210" x="-56" y="-85"/>
  <i image="attack1.info.hit_2.png" delay="210" x="-56" y="-85"/>
  <i image="attack1_0.png" delay="120" x="-166" y="-166"/>
  <i image="attack1_1.png" delay="120" x="-166" y="-166"/>
  <i image="attack1_2.png" delay="120" x="-166" y="-166"/>
  <i image="attack1_3.png" delay="120" x="-166" y="-166"/>
  <i image="attack1_4.png" delay="120" x="-166" y="-166"/>
  <i image="attack1_5.png" delay="120" x="-166" y="-166"/>
  <i image="attack1_6.png" delay="180" x="-166" y="-166"/>
  <i image="attack1_7.png" delay="180" x="-166" y="-166"/>
  <i image="attack1_8.png" delay="180" x="-166" y="-166"/>
  <i image="attack1_9.png" delay="180" x="-166" y="-166"/>
  <i image="attack1_10.png" delay="180" x="-166" y="-166"/>
  <i image="attack1_11.png" delay="180" x="-166" y="-166"/>
  <i image="attack2.info.hit_0.png" delay="210" x="-92" y="-105"/>
  <i image="attack2.info.hit_1.png" delay="210" x="-92" y="-105"/>
  <i image="attack2.info.hit_2.png" delay="210" x="-92" y="-105"/>
  <i image="attack2.info.hit_3.png" delay="210" x="-92" y="-105"/>
  <i image="attack2_0.png" delay="120" x="-289" y="-164"/>
  <i image="attack2_1.png" delay="120" x="-289" y="-164"/>
  <i image="attack2_2.png" delay="120" x="-289" y="-164"/>
  <i image="attack2_3.png" delay="120" x="-289" y="-164"/>
  <i image="attack2_4.png" delay="120" x="-289" y="-164"/>
  <i image="attack2_5.png" delay="120" x="-289" y="-164"/>
  <i image="attack2_6.png" delay="180" x="-289" y="-164"/>
  <i image="attack2_7.png" delay="180" x="-289" y="-164"/>
  <i image="attack2_8.png" delay="180" x="-289" y="-164"/>
  <i image="attack2_9.png" delay="180" x="-289" y="-164"/>
  <i image="attack2_10.png" delay="180" x="-289" y="-164"/>
  <i image="attack2_11.png" delay="180" x="-289" y="-164"/>
  <i image="hit1_0.png" delay="600" x="-107" y="-176"/>
  <i image="die1_0.png" delay="90" x="-123" y="-174"/>
  <i image="die1_1.png" delay="150" x="-123" y="-174"/>
  <i image="die1_2.png" delay="150" x="-123" y="-174"/>
  <i image="die1_3.png" delay="150" x="-123" y="-174"/>
  <i image="die1_4.png" delay="150" x="-123" y="-174"/>
  <i image="die1_5.png" delay="300" x="-123" y="-174"/>
</i>