<i>
  <i image="move_0.png" delay="200" x="-71" y="-235"/>
  <i image="move_1.png" delay="200" x="-71" y="-235"/>
  <i image="move_2.png" delay="200" x="-71" y="-235"/>
  <i image="move_3.png" delay="200" x="-71" y="-235"/>
  <i image="move_4.png" delay="200" x="-71" y="-235"/>
  <i image="move_5.png" delay="200" x="-71" y="-235"/>
  <i image="stand_0.png" delay="200" x="-69" y="-236"/>
  <i image="stand_1.png" delay="200" x="-69" y="-236"/>
  <i image="stand_2.png" delay="200" x="-69" y="-236"/>
  <i image="stand_3.png" delay="200" x="-69" y="-236"/>
  <i image="stand_4.png" delay="200" x="-69" y="-236"/>
  <i image="stand_5.png" delay="200" x="-69" y="-236"/>
  <i image="attack1.info.areaWarning_0.png" delay="250" x="-238" y="-267"/>
  <i image="attack1.info.areaWarning_1.png" delay="250" x="-238" y="-267"/>
  <i image="attack1.info.areaWarning_2.png" delay="250" x="-238" y="-267"/>
  <i image="attack1.info.areaWarning_3.png" delay="250" x="-238" y="-267"/>
  <i image="attack1.info.areaWarning_4.png" delay="250" x="-238" y="-267"/>
  <i image="attack1.info.areaWarning_5.png" delay="250" x="-238" y="-267"/>
  <i image="attack1.info.areaWarning_6.png" delay="250" x="-238" y="-267"/>
  <i image="attack1.info.areaWarning_7.png" delay="250" x="-238" y="-267"/>
  <i image="attack1.info.areaWarning_8.png" delay="250" x="-238" y="-267"/>
  <i image="attack1.info.areaWarning_9.png" delay="250" x="-238" y="-267"/>
  <i image="attack1.info.areaWarning_10.png" delay="250" x="-238" y="-267"/>
  <i image="attack1.info.areaWarning_11.png" delay="250" x="-238" y="-267"/>
  <i image="attack1.info.areaWarning_12.png" delay="250" x="-238" y="-267"/>
  <i image="attack1.info.areaWarning_13.png" delay="250" x="-238" y="-267"/>
  <i image="attack1.info.areaWarning_14.png" delay="250" x="-238" y="-267"/>
  <i image="attack1.info.areaWarning_15.png" delay="250" x="-238" y="-267"/>
  <i image="attack1.info.areaWarning_16.png" delay="250" x="-238" y="-267"/>
  <i image="attack1.info.hit_0.png" delay="60" x="-66" y="-127"/>
  <i image="attack1.info.hit_1.png" delay="60" x="-66" y="-127"/>
  <i image="attack1.info.hit_2.png" delay="60" x="-66" y="-127"/>
  <i image="attack1.info.hit_3.png" delay="60" x="-66" y="-127"/>
  <i image="attack1.info.hit_4.png" delay="60" x="-66" y="-127"/>
  <i image="attack1.info.hit_5.png" delay="60" x="-66" y="-127"/>
  <i image="attack1_0.png" delay="120" x="-498" y="-256"/>
  <i image="attack1_1.png" delay="120" x="-498" y="-256"/>
  <i image="attack1_2.png" delay="120" x="-498" y="-256"/>
  <i image="attack1_3.png" delay="120" x="-498" y="-256"/>
  <i image="attack1_4.png" delay="120" x="-498" y="-256"/>
  <i image="attack1_5.png" delay="120" x="-498" y="-256"/>
  <i image="attack1_6.png" delay="120" x="-498" y="-256"/>
  <i image="attack1_7.png" delay="120" x="-498" y="-256"/>
  <i image="attack1_8.png" delay="120" x="-498" y="-256"/>
  <i image="attack1_9.png" delay="120" x="-498" y="-256"/>
  <i image="attack1_10.png" delay="120" x="-498" y="-256"/>
  <i image="attack1_11.png" delay="120" x="-498" y="-256"/>
  <i image="attack1_12.png" delay="120" x="-498" y="-256"/>
  <i image="attack1_13.png" delay="120" x="-498" y="-256"/>
  <i image="attack1_14.png" delay="120" x="-498" y="-256"/>
  <i image="attack1_15.png" delay="120" x="-498" y="-256"/>
  <i image="attack1_16.png" delay="120" x="-498" y="-256"/>
  <i image="attack1_17.png" delay="120" x="-498" y="-256"/>
  <i image="attack1_18.png" delay="120" x="-498" y="-256"/>
  <i image="attack1_19.png" delay="120" x="-498" y="-256"/>
  <i image="attack2.info.hit_0.png" delay="60" x="-66" y="-127"/>
  <i image="attack2.info.hit_1.png" delay="60" x="-66" y="-127"/>
  <i image="attack2.info.hit_2.png" delay="60" x="-66" y="-127"/>
  <i image="attack2.info.hit_3.png" delay="60" x="-66" y="-127"/>
  <i image="attack2.info.hit_4.png" delay="60" x="-66" y="-127"/>
  <i image="attack2.info.hit_5.png" delay="60" x="-66" y="-127"/>
  <i image="attack2_0.png" delay="120" x="-716" y="-593"/>
  <i image="attack2_1.png" delay="120" x="-716" y="-593"/>
  <i image="attack2_2.png" delay="120" x="-716" y="-593"/>
  <i image="attack2_3.png" delay="120" x="-716" y="-593"/>
  <i image="attack2_4.png" delay="120" x="-716" y="-593"/>
  <i image="attack2_5.png" delay="120" x="-716" y="-593"/>
  <i image="attack2_6.png" delay="120" x="-716" y="-593"/>
  <i image="attack2_7.png" delay="120" x="-716" y="-593"/>
  <i image="attack2_8.png" delay="120" x="-716" y="-593"/>
  <i image="attack2_9.png" delay="120" x="-716" y="-593"/>
  <i image="attack2_10.png" delay="120" x="-716" y="-593"/>
  <i image="attack2_11.png" delay="120" x="-716" y="-593"/>
  <i image="attack2_12.png" delay="120" x="-716" y="-593"/>
  <i image="attack2_13.png" delay="120" x="-716" y="-593"/>
  <i image="attack2_14.png" delay="120" x="-716" y="-593"/>
  <i image="attack2_15.png" delay="120" x="-716" y="-593"/>
  <i image="attack2_16.png" delay="120" x="-716" y="-593"/>
  <i image="attack2_17.png" delay="120" x="-716" y="-593"/>
  <i image="attack2_18.png" delay="120" x="-716" y="-593"/>
  <i image="attack2_19.png" delay="120" x="-716" y="-593"/>
  <i image="attack2_20.png" delay="120" x="-716" y="-593"/>
  <i image="attack2_21.png" delay="120" x="-716" y="-593"/>
  <i image="attack2_22.png" delay="120" x="-716" y="-593"/>
  <i image="attack2_23.png" delay="120" x="-716" y="-593"/>
  <i image="skill1_0.png" delay="120" x="-183" y="-251"/>
  <i image="skill1_1.png" delay="120" x="-183" y="-251"/>
  <i image="skill1_2.png" delay="120" x="-183" y="-251"/>
  <i image="skill1_3.png" delay="120" x="-183" y="-251"/>
  <i image="skill1_4.png" delay="120" x="-183" y="-251"/>
  <i image="skill1_5.png" delay="120" x="-183" y="-251"/>
  <i image="skill1_6.png" delay="120" x="-183" y="-251"/>
  <i image="skill1_7.png" delay="120" x="-183" y="-251"/>
  <i image="skill1_8.png" delay="120" x="-183" y="-251"/>
  <i image="skill1_9.png" delay="120" x="-183" y="-251"/>
  <i image="skill1_10.png" delay="120" x="-183" y="-251"/>
  <i image="skill1_11.png" delay="120" x="-183" y="-251"/>
  <i image="skill1_12.png" delay="120" x="-183" y="-251"/>
  <i image="skill1_13.png" delay="120" x="-183" y="-251"/>
  <i image="skill1_14.png" delay="120" x="-183" y="-251"/>
  <i image="skill1_15.png" delay="120" x="-183" y="-251"/>
  <i image="skill1_16.png" delay="120" x="-183" y="-251"/>
  <i image="skill1_17.png" delay="120" x="-183" y="-251"/>
  <i image="skill1_18.png" delay="120" x="-183" y="-251"/>
  <i image="hit1_0.png" delay="200" x="-76" y="-259"/>
  <i image="die1_0.png" delay="150" x="-155" y="-233"/>
  <i image="die1_1.png" delay="150" x="-155" y="-233"/>
  <i image="die1_2.png" delay="150" x="-155" y="-233"/>
  <i image="die1_3.png" delay="150" x="-155" y="-233"/>
  <i image="die1_4.png" delay="150" x="-155" y="-233"/>
  <i image="die1_5.png" delay="150" x="-155" y="-233"/>
  <i image="die1_6.png" delay="150" x="-155" y="-233"/>
  <i image="die1_7.png" delay="150" x="-155" y="-233"/>
  <i image="die1_8.png" delay="150" x="-155" y="-233"/>
  <i image="die1_9.png" delay="150" x="-155" y="-233"/>
  <i image="die1_10.png" delay="150" x="-155" y="-233"/>
  <i image="die1_11.png" delay="150" x="-155" y="-233"/>
  <i image="die1_12.png" delay="150" x="-155" y="-233"/>
  <i image="die1_13.png" delay="150" x="-155" y="-233"/>
  <i image="die1_14.png" delay="150" x="-155" y="-233"/>
  <i image="die1_15.png" delay="150" x="-155" y="-233"/>
  <i image="die1_16.png" delay="150" x="-155" y="-233"/>
  <i image="die1_17.png" delay="150" x="-155" y="-233"/>
</i>