<i>
  <i image="stand_0.png" delay="120" x="566" y="-496"/>
  <i image="attack1.info.hit_0.png" delay="120" x="-66" y="-112"/>
  <i image="attack1.info.hit_1.png" delay="120" x="-66" y="-112"/>
  <i image="attack1.info.hit_2.png" delay="120" x="-66" y="-112"/>
  <i image="attack1.info.hit_3.png" delay="120" x="-66" y="-112"/>
  <i image="attack1.info.hit_4.png" delay="120" x="-66" y="-112"/>
  <i image="attack1.info.hit_5.png" delay="120" x="-66" y="-112"/>
  <i image="attack1.info.hit_6.png" delay="120" x="-66" y="-112"/>
  <i image="attack1_0.png" delay="120" x="566" y="-648"/>
  <i image="attack1_1.png" delay="120" x="566" y="-648"/>
  <i image="attack1_2.png" delay="120" x="566" y="-648"/>
  <i image="attack1_3.png" delay="120" x="566" y="-648"/>
  <i image="attack1_4.png" delay="120" x="566" y="-648"/>
  <i image="attack1_5.png" delay="120" x="566" y="-648"/>
  <i image="attack1_6.png" delay="120" x="566" y="-648"/>
  <i image="attack1_7.png" delay="120" x="566" y="-648"/>
  <i image="attack1_8.png" delay="120" x="566" y="-648"/>
  <i image="attack1_9.png" delay="120" x="566" y="-648"/>
  <i image="attack1_10.png" delay="120" x="566" y="-648"/>
  <i image="attack1_11.png" delay="120" x="566" y="-648"/>
  <i image="attack1_12.png" delay="120" x="566" y="-648"/>
  <i image="attack1_13.png" delay="120" x="566" y="-648"/>
  <i image="attack1_14.png" delay="120" x="566" y="-648"/>
  <i image="attack1_15.png" delay="120" x="566" y="-648"/>
  <i image="attack1_16.png" delay="120" x="566" y="-648"/>
  <i image="attack1_17.png" delay="120" x="566" y="-648"/>
  <i image="attack2.info.hit_0.png" delay="120" x="-80" y="-773"/>
  <i image="attack2.info.hit_1.png" delay="120" x="-80" y="-773"/>
  <i image="attack2.info.hit_2.png" delay="120" x="-80" y="-773"/>
  <i image="attack2.info.hit_3.png" delay="120" x="-80" y="-773"/>
  <i image="attack2.info.hit_4.png" delay="120" x="-80" y="-773"/>
  <i image="attack2_0.png" delay="120" x="453" y="-899"/>
  <i image="attack2_1.png" delay="120" x="453" y="-899"/>
  <i image="attack2_2.png" delay="120" x="453" y="-899"/>
  <i image="attack2_3.png" delay="120" x="453" y="-899"/>
  <i image="attack2_4.png" delay="120" x="453" y="-899"/>
  <i image="attack2_5.png" delay="120" x="453" y="-899"/>
  <i image="attack2_6.png" delay="120" x="453" y="-899"/>
  <i image="attack2_7.png" delay="120" x="453" y="-899"/>
  <i image="attack2_8.png" delay="120" x="453" y="-899"/>
  <i image="attack2_9.png" delay="120" x="453" y="-899"/>
  <i image="attack2_10.png" delay="120" x="453" y="-899"/>
  <i image="attack2_11.png" delay="120" x="453" y="-899"/>
  <i image="attack2_12.png" delay="120" x="453" y="-899"/>
  <i image="attack2_13.png" delay="120" x="453" y="-899"/>
  <i image="attack2_14.png" delay="120" x="453" y="-899"/>
  <i image="attack2_15.png" delay="120" x="453" y="-899"/>
  <i image="attack2_16.png" delay="120" x="453" y="-899"/>
  <i image="attack2_17.png" delay="120" x="453" y="-899"/>
  <i image="attack2_18.png" delay="120" x="453" y="-899"/>
  <i image="attack2_19.png" delay="120" x="453" y="-899"/>
  <i image="attack3.info.hit_0.png" delay="90" x="-62" y="-113"/>
  <i image="attack3.info.hit_1.png" delay="90" x="-62" y="-113"/>
  <i image="attack3.info.hit_2.png" delay="90" x="-62" y="-113"/>
  <i image="attack3.info.hit_3.png" delay="90" x="-62" y="-113"/>
  <i image="attack3.info.hit_4.png" delay="90" x="-62" y="-113"/>
  <i image="attack3.info.hit_5.png" delay="90" x="-62" y="-113"/>
  <i image="attack3.info.hit_6.png" delay="90" x="-62" y="-113"/>
  <i image="attack3.info.hit_7.png" delay="90" x="-62" y="-113"/>
  <i image="attack3_0.png" delay="120" x="458" y="-511"/>
  <i image="attack3_1.png" delay="120" x="458" y="-511"/>
  <i image="attack3_2.png" delay="120" x="458" y="-511"/>
  <i image="attack3_3.png" delay="120" x="458" y="-511"/>
  <i image="attack3_4.png" delay="120" x="458" y="-511"/>
  <i image="attack3_5.png" delay="120" x="458" y="-511"/>
  <i image="attack3_6.png" delay="120" x="458" y="-511"/>
  <i image="attack3_7.png" delay="120" x="458" y="-511"/>
  <i image="attack3_8.png" delay="120" x="458" y="-511"/>
  <i image="attack3_9.png" delay="120" x="458" y="-511"/>
  <i image="attack3_10.png" delay="120" x="458" y="-511"/>
  <i image="attack3_11.png" delay="120" x="458" y="-511"/>
  <i image="attack3_12.png" delay="120" x="458" y="-511"/>
  <i image="attack3_13.png" delay="120" x="458" y="-511"/>
  <i image="attack3_14.png" delay="120" x="458" y="-511"/>
  <i image="attack3_15.png" delay="120" x="458" y="-511"/>
  <i image="attack3_16.png" delay="120" x="458" y="-511"/>
  <i image="attack3_17.png" delay="120" x="458" y="-511"/>
  <i image="attack3_18.png" delay="120" x="458" y="-511"/>
  <i image="skill1_0.png" delay="120" x="551" y="-529"/>
  <i image="skill1_1.png" delay="120" x="551" y="-529"/>
  <i image="skill1_2.png" delay="120" x="551" y="-529"/>
  <i image="skill1_3.png" delay="120" x="551" y="-529"/>
  <i image="skill1_4.png" delay="120" x="551" y="-529"/>
  <i image="skill1_5.png" delay="120" x="551" y="-529"/>
  <i image="skill1_6.png" delay="120" x="551" y="-529"/>
  <i image="skill1_7.png" delay="120" x="551" y="-529"/>
  <i image="skill1_8.png" delay="120" x="551" y="-529"/>
  <i image="skill1_9.png" delay="120" x="551" y="-529"/>
  <i image="skill1_10.png" delay="120" x="551" y="-529"/>
  <i image="skill1_11.png" delay="120" x="551" y="-529"/>
  <i image="skill1_12.png" delay="120" x="551" y="-529"/>
  <i image="skill1_13.png" delay="120" x="551" y="-529"/>
  <i image="skill1_14.png" delay="120" x="551" y="-529"/>
  <i image="skill1_15.png" delay="120" x="551" y="-529"/>
  <i image="hit1_0.png" delay="600" x="566" y="-501"/>
  <i image="die1_0.png" delay="180" x="556" y="-503"/>
  <i image="die1_1.png" delay="180" x="556" y="-503"/>
  <i image="die1_2.png" delay="180" x="556" y="-503"/>
  <i image="die1_3.png" delay="180" x="556" y="-503"/>
  <i image="die1_4.png" delay="180" x="556" y="-503"/>
  <i image="die1_5.png" delay="180" x="556" y="-503"/>
  <i image="die1_6.png" delay="180" x="556" y="-503"/>
  <i image="die1_7.png" delay="180" x="556" y="-503"/>
  <i image="die1_8.png" delay="180" x="556" y="-503"/>
  <i image="die1_9.png" delay="180" x="556" y="-503"/>
  <i image="die1_10.png" delay="600" x="556" y="-503"/>
</i>