<i>
  <i image="move_0.png" delay="180" x="-69" y="-176"/>
  <i image="move_1.png" delay="180" x="-69" y="-176"/>
  <i image="move_2.png" delay="180" x="-69" y="-176"/>
  <i image="move_3.png" delay="180" x="-69" y="-176"/>
  <i image="move_4.png" delay="180" x="-69" y="-176"/>
  <i image="move_5.png" delay="180" x="-69" y="-176"/>
  <i image="move_6.png" delay="180" x="-69" y="-176"/>
  <i image="move_7.png" delay="180" x="-69" y="-176"/>
  <i image="move_8.png" delay="180" x="-69" y="-176"/>
  <i image="move_9.png" delay="180" x="-69" y="-176"/>
  <i image="move_10.png" delay="180" x="-69" y="-176"/>
  <i image="move_11.png" delay="180" x="-69" y="-176"/>
  <i image="stand_0.png" delay="180" x="-69" y="-176"/>
  <i image="stand_1.png" delay="180" x="-69" y="-176"/>
  <i image="stand_2.png" delay="180" x="-69" y="-176"/>
  <i image="stand_3.png" delay="180" x="-69" y="-176"/>
  <i image="stand_4.png" delay="180" x="-69" y="-176"/>
  <i image="stand_5.png" delay="180" x="-69" y="-176"/>
  <i image="stand_6.png" delay="180" x="-69" y="-176"/>
  <i image="stand_7.png" delay="180" x="-69" y="-176"/>
  <i image="stand_8.png" delay="180" x="-69" y="-176"/>
  <i image="stand_9.png" delay="180" x="-69" y="-176"/>
  <i image="stand_10.png" delay="180" x="-69" y="-176"/>
  <i image="stand_11.png" delay="180" x="-69" y="-176"/>
  <i image="attack1.info.hit_0.png" delay="90" x="-63" y="-56"/>
  <i image="attack1.info.hit_1.png" delay="90" x="-63" y="-56"/>
  <i image="attack1.info.hit_2.png" delay="90" x="-63" y="-56"/>
  <i image="attack1.info.hit_3.png" delay="90" x="-63" y="-56"/>
  <i image="attack1.info.hit_4.png" delay="90" x="-63" y="-56"/>
  <i image="attack1_0.png" delay="210" x="-152" y="-176"/>
  <i image="attack1_1.png" delay="180" x="-152" y="-176"/>
  <i image="attack1_2.png" delay="180" x="-152" y="-176"/>
  <i image="attack1_3.png" delay="180" x="-152" y="-176"/>
  <i image="attack1_4.png" delay="180" x="-152" y="-176"/>
  <i image="attack1_5.png" delay="180" x="-152" y="-176"/>
  <i image="attack1_6.png" delay="180" x="-152" y="-176"/>
  <i image="attack1_7.png" delay="180" x="-152" y="-176"/>
  <i image="attack1_8.png" delay="180" x="-152" y="-176"/>
  <i image="attack1_9.png" delay="180" x="-152" y="-176"/>
  <i image="attack1_10.png" delay="180" x="-152" y="-176"/>
  <i image="attack1_11.png" delay="180" x="-152" y="-176"/>
  <i image="attack1_12.png" delay="180" x="-152" y="-176"/>
  <i image="attack1_13.png" delay="180" x="-152" y="-176"/>
  <i image="attack1_14.png" delay="180" x="-152" y="-176"/>
  <i image="attack2.info.hit_0.png" delay="90" x="-63" y="-56"/>
  <i image="attack2.info.hit_1.png" delay="90" x="-63" y="-56"/>
  <i image="attack2.info.hit_2.png" delay="90" x="-63" y="-56"/>
  <i image="attack2.info.hit_3.png" delay="90" x="-63" y="-56"/>
  <i image="attack2.info.hit_4.png" delay="90" x="-63" y="-56"/>
  <i image="attack2_0.png" delay="210" x="-148" y="-176"/>
  <i image="attack2_1.png" delay="180" x="-148" y="-176"/>
  <i image="attack2_2.png" delay="180" x="-148" y="-176"/>
  <i image="attack2_3.png" delay="180" x="-148" y="-176"/>
  <i image="attack2_4.png" delay="180" x="-148" y="-176"/>
  <i image="attack2_5.png" delay="180" x="-148" y="-176"/>
  <i image="attack2_6.png" delay="180" x="-148" y="-176"/>
  <i image="attack2_7.png" delay="180" x="-148" y="-176"/>
  <i image="attack2_8.png" delay="180" x="-148" y="-176"/>
  <i image="attack2_9.png" delay="180" x="-148" y="-176"/>
  <i image="attack2_10.png" delay="180" x="-148" y="-176"/>
  <i image="attack2_11.png" delay="180" x="-148" y="-176"/>
  <i image="attack2_12.png" delay="180" x="-148" y="-176"/>
  <i image="attack2_13.png" delay="180" x="-148" y="-176"/>
  <i image="attack2_14.png" delay="180" x="-148" y="-176"/>
  <i image="attack3.info.hit_0.png" delay="90" x="-63" y="-56"/>
  <i image="attack3.info.hit_1.png" delay="90" x="-63" y="-56"/>
  <i image="attack3.info.hit_2.png" delay="90" x="-63" y="-56"/>
  <i image="attack3.info.hit_3.png" delay="90" x="-63" y="-56"/>
  <i image="attack3.info.hit_4.png" delay="90" x="-63" y="-56"/>
  <i image="attack3_0.png" delay="120" x="-242" y="-235"/>
  <i image="attack3_1.png" delay="120" x="-242" y="-235"/>
  <i image="attack3_2.png" delay="120" x="-242" y="-235"/>
  <i image="attack3_3.png" delay="120" x="-242" y="-235"/>
  <i image="attack3_4.png" delay="120" x="-242" y="-235"/>
  <i image="attack3_5.png" delay="120" x="-242" y="-235"/>
  <i image="attack3_6.png" delay="120" x="-242" y="-235"/>
  <i image="attack3_7.png" delay="120" x="-242" y="-235"/>
  <i image="attack3_8.png" delay="120" x="-242" y="-235"/>
  <i image="attack3_9.png" delay="120" x="-242" y="-235"/>
  <i image="attack3_10.png" delay="120" x="-242" y="-235"/>
  <i image="attack3_11.png" delay="120" x="-242" y="-235"/>
  <i image="attack3_12.png" delay="180" x="-242" y="-235"/>
  <i image="attack3_13.png" delay="180" x="-242" y="-235"/>
  <i image="attack3_14.png" delay="180" x="-242" y="-235"/>
  <i image="attack3_15.png" delay="180" x="-242" y="-235"/>
  <i image="attack3_16.png" delay="180" x="-242" y="-235"/>
  <i image="attack3_17.png" delay="180" x="-242" y="-235"/>
  <i image="attack3_18.png" delay="180" x="-242" y="-235"/>
  <i image="attack3_19.png" delay="180" x="-242" y="-235"/>
  <i image="attack3_20.png" delay="180" x="-242" y="-235"/>
  <i image="attack3_21.png" delay="180" x="-242" y="-235"/>
  <i image="attack3_22.png" delay="180" x="-242" y="-235"/>
  <i image="attack3_23.png" delay="180" x="-242" y="-235"/>
  <i image="attack4.info.hit_0.png" delay="90" x="-63" y="-56"/>
  <i image="attack4.info.hit_1.png" delay="90" x="-63" y="-56"/>
  <i image="attack4.info.hit_2.png" delay="90" x="-63" y="-56"/>
  <i image="attack4.info.hit_3.png" delay="90" x="-63" y="-56"/>
  <i image="attack4.info.hit_4.png" delay="90" x="-63" y="-56"/>
  <i image="attack4_0.png" delay="90" x="-370" y="-247"/>
  <i image="attack4_1.png" delay="90" x="-370" y="-247"/>
  <i image="attack4_2.png" delay="90" x="-370" y="-247"/>
  <i image="attack4_3.png" delay="90" x="-370" y="-247"/>
  <i image="attack4_4.png" delay="90" x="-370" y="-247"/>
  <i image="attack4_5.png" delay="90" x="-370" y="-247"/>
  <i image="attack4_6.png" delay="90" x="-370" y="-247"/>
  <i image="attack4_7.png" delay="90" x="-370" y="-247"/>
  <i image="attack4_8.png" delay="90" x="-370" y="-247"/>
  <i image="attack4_9.png" delay="90" x="-370" y="-247"/>
  <i image="attack4_10.png" delay="90" x="-370" y="-247"/>
  <i image="attack4_11.png" delay="90" x="-370" y="-247"/>
  <i image="attack4_12.png" delay="90" x="-370" y="-247"/>
  <i image="attack4_13.png" delay="180" x="-370" y="-247"/>
  <i image="attack4_14.png" delay="180" x="-370" y="-247"/>
  <i image="attack4_15.png" delay="180" x="-370" y="-247"/>
  <i image="attack4_16.png" delay="180" x="-370" y="-247"/>
  <i image="attack4_17.png" delay="180" x="-370" y="-247"/>
  <i image="attack4_18.png" delay="180" x="-370" y="-247"/>
  <i image="attack4_19.png" delay="180" x="-370" y="-247"/>
  <i image="attack4_20.png" delay="180" x="-370" y="-247"/>
  <i image="attack4_21.png" delay="180" x="-370" y="-247"/>
  <i image="attack4_22.png" delay="180" x="-370" y="-247"/>
  <i image="attack4_23.png" delay="180" x="-370" y="-247"/>
  <i image="attack4_24.png" delay="180" x="-370" y="-247"/>
  <i image="skill1_0.png" delay="90" x="-140" y="-377"/>
  <i image="skill1_1.png" delay="90" x="-140" y="-377"/>
  <i image="skill1_2.png" delay="90" x="-140" y="-377"/>
  <i image="skill1_3.png" delay="90" x="-140" y="-377"/>
  <i image="skill1_4.png" delay="90" x="-140" y="-377"/>
  <i image="skill1_5.png" delay="90" x="-140" y="-377"/>
  <i image="skill1_6.png" delay="90" x="-140" y="-377"/>
  <i image="skill1_7.png" delay="90" x="-140" y="-377"/>
  <i image="skill1_8.png" delay="90" x="-140" y="-377"/>
  <i image="skill1_9.png" delay="90" x="-140" y="-377"/>
  <i image="skill1_10.png" delay="90" x="-140" y="-377"/>
  <i image="skill1_11.png" delay="90" x="-140" y="-377"/>
  <i image="skill1_12.png" delay="90" x="-140" y="-377"/>
  <i image="skill1_13.png" delay="90" x="-140" y="-377"/>
  <i image="skill1_14.png" delay="90" x="-140" y="-377"/>
  <i image="skill1_15.png" delay="90" x="-140" y="-377"/>
  <i image="skill1_16.png" delay="90" x="-140" y="-377"/>
  <i image="skill2_0.png" delay="120" x="-161" y="-267"/>
  <i image="skill2_1.png" delay="120" x="-161" y="-267"/>
  <i image="skill2_2.png" delay="120" x="-161" y="-267"/>
  <i image="skill2_3.png" delay="120" x="-161" y="-267"/>
  <i image="skill2_4.png" delay="120" x="-161" y="-267"/>
  <i image="skill2_5.png" delay="120" x="-161" y="-267"/>
  <i image="skill2_6.png" delay="120" x="-161" y="-267"/>
  <i image="skill2_7.png" delay="120" x="-161" y="-267"/>
  <i image="skill2_8.png" delay="120" x="-161" y="-267"/>
  <i image="skill2_9.png" delay="120" x="-161" y="-267"/>
  <i image="skill2_10.png" delay="120" x="-161" y="-267"/>
  <i image="skill2_11.png" delay="120" x="-161" y="-267"/>
  <i image="skill2_12.png" delay="120" x="-161" y="-267"/>
  <i image="hit1_0.png" delay="120" x="-91" y="-165"/>
  <i image="die1_0.png" delay="150" x="-66" y="-170"/>
  <i image="alert_0.png" delay="120" x="-69" y="-176"/>
  <i image="alert_1.png" delay="120" x="-69" y="-176"/>
  <i image="alert_2.png" delay="120" x="-69" y="-176"/>
  <i image="alert_3.png" delay="120" x="-69" y="-176"/>
  <i image="alert_4.png" delay="120" x="-69" y="-176"/>
  <i image="alert_5.png" delay="120" x="-69" y="-176"/>
  <i image="alert_6.png" delay="120" x="-69" y="-176"/>
  <i image="jump_0.png" delay="90" x="-91" y="-156"/>
  <i image="iceDoubleJump_0.png" delay="90" x="-91" y="-155"/>
  <i image="iceDoubleJump_1.png" delay="90" x="-91" y="-155"/>
  <i image="iceDoubleJump_2.png" delay="90" x="-91" y="-155"/>
  <i image="iceDoubleJump_3.png" delay="90" x="-91" y="-155"/>
  <i image="iceDoubleJump_4.png" delay="90" x="-91" y="-155"/>
  <i image="iceDoubleJump_5.png" delay="90" x="-91" y="-155"/>
</i>