<i>
  <i image="level.1.mob_0.png" delay="100" x="-33" y="-9"/>
  <i image="level.1.mob_1.png" delay="100" x="-33" y="-9"/>
  <i image="level.1.mob_2.png" delay="100" x="-33" y="-9"/>
  <i image="level.2.mob_0.png" delay="100" x="-33" y="-9"/>
  <i image="level.2.mob_1.png" delay="100" x="-33" y="-9"/>
  <i image="level.2.mob_2.png" delay="100" x="-33" y="-9"/>
  <i image="level.3.mob_0.png" delay="100" x="-33" y="-9"/>
  <i image="level.3.mob_1.png" delay="100" x="-33" y="-9"/>
  <i image="level.3.mob_2.png" delay="100" x="-33" y="-9"/>
</i>