<i>
  <i image="effect_0.png" delay="90" x="-332" y="-435"/>
  <i image="effect_1.png" delay="90" x="-332" y="-435"/>
  <i image="effect_2.png" delay="90" x="-332" y="-435"/>
  <i image="effect_3.png" delay="90" x="-332" y="-435"/>
  <i image="effect_4.png" delay="90" x="-332" y="-435"/>
  <i image="effect_5.png" delay="90" x="-332" y="-435"/>
  <i image="effect_6.png" delay="90" x="-332" y="-435"/>
  <i image="effect_7.png" delay="90" x="-332" y="-435"/>
  <i image="effect_8.png" delay="90" x="-332" y="-435"/>
  <i image="effect_9.png" delay="90" x="-332" y="-435"/>
  <i image="effect_10.png" delay="90" x="-332" y="-435"/>
  <i image="effect_11.png" delay="90" x="-332" y="-435"/>
  <i image="effect_12.png" delay="90" x="-332" y="-435"/>
  <i image="effect_13.png" delay="90" x="-332" y="-435"/>
  <i image="effect_14.png" delay="90" x="-332" y="-435"/>
  <i image="effect_15.png" delay="90" x="-332" y="-435"/>
  <i image="effect_16.png" delay="90" x="-332" y="-435"/>
  <i image="3121052_0.png" delay="100" x="0" y="-32"/>
  <i image="3121052_1.png" delay="100" x="0" y="-32"/>
  <i image="3121052_2.png" delay="100" x="0" y="-32"/>
  <i image="mob_0.png" delay="90" x="-25" y="-47"/>
  <i image="mob_1.png" delay="90" x="-25" y="-47"/>
  <i image="mob_2.png" delay="90" x="-25" y="-47"/>
  <i image="mob_3.png" delay="90" x="-25" y="-47"/>
  <i image="mob_4.png" delay="90" x="-25" y="-47"/>
  <i image="mob_5.png" delay="90" x="-25" y="-47"/>
  <i image="hit.0_0.png" delay="90" x="-98" y="-100"/>
  <i image="hit.0_1.png" delay="90" x="-98" y="-100"/>
  <i image="hit.0_2.png" delay="90" x="-98" y="-100"/>
  <i image="hit.0_3.png" delay="90" x="-98" y="-100"/>
  <i image="hit.0_4.png" delay="90" x="-98" y="-100"/>
  <i image="hit.0_5.png" delay="90" x="-98" y="-100"/>
</i>