<i>
  <i image="stand_0.png" delay="100" x="-192" y="-555"/>
  <i image="stand_1.png" delay="100" x="-192" y="-555"/>
  <i image="stand_2.png" delay="100" x="-192" y="-555"/>
  <i image="stand_3.png" delay="100" x="-192" y="-555"/>
  <i image="stand_4.png" delay="100" x="-192" y="-555"/>
  <i image="stand_5.png" delay="100" x="-192" y="-555"/>
  <i image="attack1.info.hit_0.png" delay="120" x="-76" y="-121"/>
  <i image="attack1.info.hit_1.png" delay="120" x="-76" y="-121"/>
  <i image="attack1.info.hit_2.png" delay="120" x="-76" y="-121"/>
  <i image="attack1.info.hit_3.png" delay="120" x="-76" y="-121"/>
  <i image="attack1.info.hit_4.png" delay="120" x="-76" y="-121"/>
  <i image="attack1.info.hit_5.png" delay="120" x="-76" y="-121"/>
  <i image="attack1.info.areaWarning_0.png" delay="1830" x="-130" y="-652"/>
  <i image="attack1.info.areaWarning_1.png" delay="180" x="-130" y="-652"/>
  <i image="attack1.info.areaWarning_2.png" delay="180" x="-130" y="-652"/>
  <i image="attack1.info.areaWarning_3.png" delay="180" x="-130" y="-652"/>
  <i image="attack1.info.areaWarning_4.png" delay="180" x="-130" y="-652"/>
  <i image="attack1.info.areaWarning_5.png" delay="1020" x="-130" y="-652"/>
  <i image="attack1.info.areaWarning_6.png" delay="120" x="-130" y="-652"/>
  <i image="attack1.info.areaWarning_7.png" delay="120" x="-130" y="-652"/>
  <i image="attack1.info.areaWarning_8.png" delay="120" x="-130" y="-652"/>
  <i image="attack1.info.areaWarning_9.png" delay="120" x="-130" y="-652"/>
  <i image="attack1.info.areaWarning_10.png" delay="120" x="-130" y="-652"/>
  <i image="attack1.info.areaWarning_11.png" delay="120" x="-130" y="-652"/>
  <i image="attack1.info.areaWarning_12.png" delay="120" x="-130" y="-652"/>
  <i image="attack1.info.areaWarning_13.png" delay="120" x="-130" y="-652"/>
  <i image="attack1_0.png" delay="100" x="-191" y="-595"/>
  <i image="attack1_1.png" delay="100" x="-191" y="-595"/>
  <i image="attack1_2.png" delay="100" x="-191" y="-595"/>
  <i image="attack1_3.png" delay="100" x="-191" y="-595"/>
  <i image="attack1_4.png" delay="100" x="-191" y="-595"/>
  <i image="attack1_5.png" delay="100" x="-191" y="-595"/>
  <i image="attack1_6.png" delay="100" x="-191" y="-595"/>
  <i image="attack1_7.png" delay="100" x="-191" y="-595"/>
  <i image="attack1_8.png" delay="100" x="-191" y="-595"/>
  <i image="attack1_9.png" delay="100" x="-191" y="-595"/>
  <i image="attack1_10.png" delay="100" x="-191" y="-595"/>
  <i image="attack1_11.png" delay="100" x="-191" y="-595"/>
  <i image="attack1_12.png" delay="100" x="-191" y="-595"/>
  <i image="attack1_13.png" delay="100" x="-191" y="-595"/>
  <i image="attack1_14.png" delay="100" x="-191" y="-595"/>
  <i image="attack2.info.hit_0.png" delay="100" x="-69" y="-142"/>
  <i image="attack2.info.hit_1.png" delay="100" x="-69" y="-142"/>
  <i image="attack2.info.hit_2.png" delay="100" x="-69" y="-142"/>
  <i image="attack2.info.hit_3.png" delay="100" x="-69" y="-142"/>
  <i image="attack2.info.hit_4.png" delay="100" x="-69" y="-142"/>
  <i image="attack2.info.hit_5.png" delay="100" x="-69" y="-142"/>
  <i image="attack2.info.hit_6.png" delay="100" x="-69" y="-142"/>
  <i image="attack2.info.areaWarning_0.png" delay="100" x="-262" y="-504"/>
  <i image="attack2.info.areaWarning_1.png" delay="100" x="-262" y="-504"/>
  <i image="attack2.info.areaWarning_2.png" delay="100" x="-262" y="-504"/>
  <i image="attack2.info.areaWarning_3.png" delay="100" x="-262" y="-504"/>
  <i image="attack2.info.areaWarning_4.png" delay="100" x="-262" y="-504"/>
  <i image="attack2.info.areaWarning_5.png" delay="100" x="-262" y="-504"/>
  <i image="attack2.info.areaWarning_6.png" delay="100" x="-262" y="-504"/>
  <i image="attack2.info.areaWarning_7.png" delay="100" x="-262" y="-504"/>
  <i image="attack2.info.areaWarning_8.png" delay="100" x="-262" y="-504"/>
  <i image="attack2.info.areaWarning_9.png" delay="100" x="-262" y="-504"/>
  <i image="attack2.info.areaWarning_10.png" delay="100" x="-262" y="-504"/>
  <i image="attack2.info.areaWarning_11.png" delay="100" x="-262" y="-504"/>
  <i image="attack2.info.areaWarning_12.png" delay="100" x="-262" y="-504"/>
  <i image="attack2.info.areaWarning_13.png" delay="100" x="-262" y="-504"/>
  <i image="attack2.info.areaWarning_14.png" delay="100" x="-262" y="-504"/>
  <i image="attack2.info.areaWarning_15.png" delay="100" x="-262" y="-504"/>
  <i image="attack2.info.areaWarning_16.png" delay="100" x="-262" y="-504"/>
  <i image="attack2.info.areaWarning_17.png" delay="100" x="-262" y="-504"/>
  <i image="attack2.info.areaWarning_18.png" delay="100" x="-262" y="-504"/>
  <i image="attack2.info.areaWarning_19.png" delay="100" x="-262" y="-504"/>
  <i image="attack2.info.areaWarning_20.png" delay="100" x="-262" y="-504"/>
  <i image="attack2.info.areaWarning_21.png" delay="100" x="-262" y="-504"/>
  <i image="attack2.info.areaWarning_22.png" delay="100" x="-262" y="-504"/>
  <i image="attack2.info.areaWarning_23.png" delay="100" x="-262" y="-504"/>
  <i image="attack2.info.areaWarning_24.png" delay="100" x="-262" y="-504"/>
  <i image="attack2.info.areaWarning_25.png" delay="100" x="-262" y="-504"/>
  <i image="attack2.info.areaWarning_26.png" delay="100" x="-262" y="-504"/>
  <i image="attack2.info.areaWarning_27.png" delay="100" x="-262" y="-504"/>
  <i image="attack2_0.png" delay="100" x="-191" y="-556"/>
  <i image="attack2_1.png" delay="100" x="-191" y="-556"/>
  <i image="attack2_2.png" delay="100" x="-191" y="-556"/>
  <i image="attack2_3.png" delay="100" x="-191" y="-556"/>
  <i image="attack2_4.png" delay="100" x="-191" y="-556"/>
  <i image="attack2_5.png" delay="100" x="-191" y="-556"/>
  <i image="attack2_6.png" delay="100" x="-191" y="-556"/>
  <i image="attack2_7.png" delay="100" x="-191" y="-556"/>
  <i image="attack2_8.png" delay="100" x="-191" y="-556"/>
  <i image="attack2_9.png" delay="100" x="-191" y="-556"/>
  <i image="attack2_10.png" delay="100" x="-191" y="-556"/>
  <i image="attack2_11.png" delay="100" x="-191" y="-556"/>
  <i image="attack2_12.png" delay="100" x="-191" y="-556"/>
  <i image="hit1_0.png" delay="100" x="-192" y="-555"/>
  <i image="die1_0.png" delay="100" x="-193" y="-555"/>
  <i image="die1_1.png" delay="100" x="-193" y="-555"/>
  <i image="die1_2.png" delay="100" x="-193" y="-555"/>
  <i image="die1_3.png" delay="100" x="-193" y="-555"/>
  <i image="die1_4.png" delay="100" x="-193" y="-555"/>
  <i image="die1_5.png" delay="100" x="-193" y="-555"/>
  <i image="die1_6.png" delay="100" x="-193" y="-555"/>
</i>