<i>
  <i image="move_0.png" delay="170" x="-49" y="-115"/>
  <i image="move_1.png" delay="170" x="-49" y="-115"/>
  <i image="move_2.png" delay="170" x="-49" y="-115"/>
  <i image="move_3.png" delay="170" x="-49" y="-115"/>
  <i image="stand_0.png" delay="170" x="-44" y="-116"/>
  <i image="stand_1.png" delay="170" x="-44" y="-116"/>
  <i image="stand_2.png" delay="170" x="-44" y="-116"/>
  <i image="stand_3.png" delay="170" x="-44" y="-116"/>
  <i image="stand_4.png" delay="170" x="-44" y="-116"/>
  <i image="stand_5.png" delay="170" x="-44" y="-116"/>
  <i image="hit1_0.png" delay="600" x="-63" y="-132"/>
  <i image="die1_0.png" delay="130" x="-64" y="-124"/>
  <i image="die1_1.png" delay="130" x="-64" y="-124"/>
  <i image="die1_2.png" delay="130" x="-64" y="-124"/>
  <i image="die1_3.png" delay="130" x="-64" y="-124"/>
  <i image="die1_4.png" delay="130" x="-64" y="-124"/>
  <i image="die1_5.png" delay="300" x="-64" y="-124"/>
  <i image="die1_6.png" delay="130" x="-64" y="-124"/>
  <i image="die1_7.png" delay="130" x="-64" y="-124"/>
  <i image="die1_8.png" delay="130" x="-64" y="-124"/>
</i>