<i>
  <i image="special_0.png" delay="120" x="-33" y="-62"/>
  <i image="special_1.png" delay="120" x="-33" y="-62"/>
  <i image="special_2.png" delay="120" x="-33" y="-62"/>
  <i image="special_3.png" delay="120" x="-33" y="-62"/>
  <i image="special_4.png" delay="120" x="-33" y="-62"/>
  <i image="special_5.png" delay="120" x="-33" y="-62"/>
  <i image="special_6.png" delay="120" x="-33" y="-62"/>
  <i image="special_7.png" delay="120" x="-33" y="-62"/>
  <i image="special_8.png" delay="120" x="-33" y="-62"/>
  <i image="special_9.png" delay="120" x="-33" y="-62"/>
  <i image="special_10.png" delay="120" x="-33" y="-62"/>
  <i image="4120002_0.png" delay="100" x="0" y="-32"/>
  <i image="4120002_1.png" delay="100" x="0" y="-32"/>
  <i image="4120002_2.png" delay="100" x="0" y="-32"/>
</i>