<i>
  <i image="move_0.png" delay="180" x="-81" y="-133"/>
  <i image="move_1.png" delay="180" x="-81" y="-133"/>
  <i image="move_2.png" delay="180" x="-81" y="-133"/>
  <i image="move_3.png" delay="180" x="-81" y="-133"/>
  <i image="stand_0.png" delay="180" x="-80" y="-133"/>
  <i image="stand_1.png" delay="180" x="-80" y="-133"/>
  <i image="stand_2.png" delay="180" x="-80" y="-133"/>
  <i image="stand_3.png" delay="180" x="-80" y="-133"/>
  <i image="stand_4.png" delay="180" x="-80" y="-133"/>
  <i image="stand_5.png" delay="180" x="-80" y="-133"/>
  <i image="attack1.info.hit_0.png" delay="200" x="-56" y="-87"/>
  <i image="attack1.info.hit_1.png" delay="200" x="-56" y="-87"/>
  <i image="attack1.info.hit_2.png" delay="200" x="-56" y="-87"/>
  <i image="attack1_0.png" delay="150" x="-150" y="-164"/>
  <i image="attack1_1.png" delay="150" x="-150" y="-164"/>
  <i image="attack1_2.png" delay="150" x="-150" y="-164"/>
  <i image="attack1_3.png" delay="150" x="-150" y="-164"/>
  <i image="attack1_4.png" delay="150" x="-150" y="-164"/>
  <i image="attack1_5.png" delay="90" x="-150" y="-164"/>
  <i image="attack2.info.hit_0.png" delay="100" x="-69" y="-112"/>
  <i image="attack2_0.png" delay="110" x="-271" y="-134"/>
  <i image="attack2_1.png" delay="110" x="-271" y="-134"/>
  <i image="attack2_2.png" delay="110" x="-271" y="-134"/>
  <i image="attack2_3.png" delay="110" x="-271" y="-134"/>
  <i image="attack2_4.png" delay="110" x="-271" y="-134"/>
  <i image="attack2_5.png" delay="110" x="-271" y="-134"/>
  <i image="attack2_6.png" delay="110" x="-271" y="-134"/>
  <i image="hit1_0.png" delay="600" x="-75" y="-159"/>
  <i image="die1_0.png" delay="150" x="-81" y="-143"/>
  <i image="die1_1.png" delay="150" x="-81" y="-143"/>
  <i image="die1_2.png" delay="150" x="-81" y="-143"/>
  <i image="die1_3.png" delay="150" x="-81" y="-143"/>
  <i image="die1_4.png" delay="300" x="-81" y="-143"/>
</i>