<i>
  <i image="stand_0.png" delay="140" x="-170" y="-467"/>
  <i image="stand_1.png" delay="140" x="-170" y="-467"/>
  <i image="stand_2.png" delay="140" x="-170" y="-467"/>
  <i image="stand_3.png" delay="140" x="-170" y="-467"/>
  <i image="stand_4.png" delay="140" x="-170" y="-467"/>
  <i image="stand_5.png" delay="140" x="-170" y="-467"/>
  <i image="stand_6.png" delay="140" x="-170" y="-467"/>
  <i image="stand_7.png" delay="140" x="-170" y="-467"/>
  <i image="stand_8.png" delay="140" x="-170" y="-467"/>
  <i image="stand_9.png" delay="140" x="-170" y="-467"/>
  <i image="attack1.info.effect_0.png" delay="90" x="-36" y="-53"/>
  <i image="attack1.info.effect0.0_0.png" delay="140" x="-72" y="-79"/>
  <i image="attack1.info.effect0.0_1.png" delay="140" x="-72" y="-79"/>
  <i image="attack1.info.effect0.0_2.png" delay="140" x="-72" y="-79"/>
  <i image="attack1.info.effect0.0_3.png" delay="140" x="-72" y="-79"/>
  <i image="attack1.info.effect0.0_4.png" delay="140" x="-72" y="-79"/>
  <i image="attack1.info.effect0.0_5.png" delay="140" x="-72" y="-79"/>
  <i image="attack1.info.effect0.0_6.png" delay="140" x="-72" y="-79"/>
  <i image="attack1.info.effect0.1_0.png" delay="140" x="-74" y="-80"/>
  <i image="attack1.info.effect0.1_1.png" delay="140" x="-74" y="-80"/>
  <i image="attack1.info.effect0.1_2.png" delay="140" x="-74" y="-80"/>
  <i image="attack1.info.effect0.1_3.png" delay="140" x="-74" y="-80"/>
  <i image="attack1.info.effect0.1_4.png" delay="140" x="-74" y="-80"/>
  <i image="attack1.info.effect0.1_5.png" delay="140" x="-74" y="-80"/>
  <i image="attack1.info.effect0.1_6.png" delay="140" x="-74" y="-80"/>
  <i image="attack1.info.effect0.2_0.png" delay="280" x="-72" y="-79"/>
  <i image="attack1.info.effect0.2_1.png" delay="140" x="-72" y="-79"/>
  <i image="attack1.info.effect0.2_2.png" delay="140" x="-72" y="-79"/>
  <i image="attack1.info.effect0.2_3.png" delay="140" x="-72" y="-79"/>
  <i image="attack1.info.effect0.2_4.png" delay="140" x="-72" y="-79"/>
  <i image="attack1.info.effect0.2_5.png" delay="140" x="-72" y="-79"/>
  <i image="attack1.info.effect0.2_6.png" delay="140" x="-72" y="-79"/>
  <i image="attack1.info.effect0.2_7.png" delay="140" x="-72" y="-79"/>
  <i image="attack1.info.effect0.3_0.png" delay="280" x="-74" y="-80"/>
  <i image="attack1.info.effect0.3_1.png" delay="140" x="-74" y="-80"/>
  <i image="attack1.info.effect0.3_2.png" delay="140" x="-74" y="-80"/>
  <i image="attack1.info.effect0.3_3.png" delay="140" x="-74" y="-80"/>
  <i image="attack1.info.effect0.3_4.png" delay="140" x="-74" y="-80"/>
  <i image="attack1.info.effect0.3_5.png" delay="140" x="-74" y="-80"/>
  <i image="attack1.info.effect0.3_6.png" delay="140" x="-74" y="-80"/>
  <i image="attack1.info.effect0.4_0.png" delay="140" x="-74" y="-79"/>
  <i image="attack1.info.effect0.4_1.png" delay="140" x="-74" y="-79"/>
  <i image="attack1.info.effect0.4_2.png" delay="140" x="-74" y="-79"/>
  <i image="attack1.info.effect0.4_3.png" delay="140" x="-74" y="-79"/>
  <i image="attack1.info.effect0.4_4.png" delay="140" x="-74" y="-79"/>
  <i image="attack1.info.effect0.5_0.png" delay="700" x="-74" y="-80"/>
  <i image="attack1.info.effect0.5_1.png" delay="140" x="-74" y="-80"/>
  <i image="attack1.info.effect0.5_2.png" delay="140" x="-74" y="-80"/>
  <i image="attack1.info.effect0.5_3.png" delay="140" x="-74" y="-80"/>
  <i image="attack1.info.effect0.5_4.png" delay="140" x="-74" y="-80"/>
  <i image="attack1.info.effect0.5_5.png" delay="140" x="-74" y="-80"/>
  <i image="attack1.info.hit_0.png" delay="110" x="-40" y="-85"/>
  <i image="attack1.info.hit_1.png" delay="110" x="-40" y="-85"/>
  <i image="attack1.info.hit_2.png" delay="110" x="-40" y="-85"/>
  <i image="attack1.info.hit_3.png" delay="110" x="-40" y="-85"/>
  <i image="attack1_0.png" delay="140" x="-210" y="-504"/>
  <i image="attack1_1.png" delay="140" x="-210" y="-504"/>
  <i image="attack1_2.png" delay="140" x="-210" y="-504"/>
  <i image="attack1_3.png" delay="140" x="-210" y="-504"/>
  <i image="attack1_4.png" delay="140" x="-210" y="-504"/>
  <i image="attack1_5.png" delay="140" x="-210" y="-504"/>
  <i image="attack1_6.png" delay="140" x="-210" y="-504"/>
  <i image="attack1_7.png" delay="140" x="-210" y="-504"/>
  <i image="attack1_8.png" delay="140" x="-210" y="-504"/>
  <i image="attack1_9.png" delay="140" x="-210" y="-504"/>
  <i image="attack1_10.png" delay="140" x="-210" y="-504"/>
  <i image="attack1_11.png" delay="140" x="-210" y="-504"/>
  <i image="attack1_12.png" delay="140" x="-210" y="-504"/>
  <i image="attack1_13.png" delay="140" x="-210" y="-504"/>
  <i image="attack1_14.png" delay="140" x="-210" y="-504"/>
  <i image="attack1_15.png" delay="140" x="-210" y="-504"/>
  <i image="attack1_16.png" delay="140" x="-210" y="-504"/>
  <i image="attack1_17.png" delay="140" x="-210" y="-504"/>
  <i image="attack1_18.png" delay="140" x="-210" y="-504"/>
  <i image="attack1_19.png" delay="140" x="-210" y="-504"/>
  <i image="attack1_20.png" delay="140" x="-210" y="-504"/>
  <i image="attack1_21.png" delay="140" x="-210" y="-504"/>
  <i image="attack1_22.png" delay="140" x="-210" y="-504"/>
  <i image="attack1_23.png" delay="140" x="-210" y="-504"/>
  <i image="attack1_24.png" delay="140" x="-210" y="-504"/>
  <i image="attack1_25.png" delay="140" x="-210" y="-504"/>
  <i image="attack1_26.png" delay="140" x="-210" y="-504"/>
  <i image="attack1_27.png" delay="140" x="-210" y="-504"/>
  <i image="attack1_28.png" delay="140" x="-210" y="-504"/>
  <i image="attack1_29.png" delay="140" x="-210" y="-504"/>
  <i image="attack1_30.png" delay="140" x="-210" y="-504"/>
  <i image="attack1_31.png" delay="140" x="-210" y="-504"/>
  <i image="attack1_32.png" delay="140" x="-210" y="-504"/>
  <i image="attack1_33.png" delay="140" x="-210" y="-504"/>
  <i image="attack1_34.png" delay="140" x="-210" y="-504"/>
  <i image="attack1_35.png" delay="140" x="-210" y="-504"/>
  <i image="attack1_36.png" delay="140" x="-210" y="-504"/>
  <i image="attack1_37.png" delay="140" x="-210" y="-504"/>
  <i image="attack1_38.png" delay="140" x="-210" y="-504"/>
  <i image="attack1_39.png" delay="140" x="-210" y="-504"/>
  <i image="attack1_40.png" delay="140" x="-210" y="-504"/>
  <i image="attack1_41.png" delay="140" x="-210" y="-504"/>
  <i image="attack2.info.areaWarning_0.png" delay="420" x="-85" y="-819"/>
  <i image="attack2.info.areaWarning_1.png" delay="140" x="-85" y="-819"/>
  <i image="attack2.info.areaWarning_2.png" delay="140" x="-85" y="-819"/>
  <i image="attack2.info.areaWarning_3.png" delay="140" x="-85" y="-819"/>
  <i image="attack2.info.areaWarning_4.png" delay="140" x="-85" y="-819"/>
  <i image="attack2.info.areaWarning_5.png" delay="140" x="-85" y="-819"/>
  <i image="attack2.info.areaWarning_6.png" delay="140" x="-85" y="-819"/>
  <i image="attack2.info.areaWarning_7.png" delay="140" x="-85" y="-819"/>
  <i image="attack2.info.areaWarning_8.png" delay="140" x="-85" y="-819"/>
  <i image="attack2.info.areaWarning_9.png" delay="140" x="-85" y="-819"/>
  <i image="attack2.info.areaWarning_10.png" delay="140" x="-85" y="-819"/>
  <i image="attack2.info.areaWarning_11.png" delay="140" x="-85" y="-819"/>
  <i image="attack2.info.areaWarning_12.png" delay="140" x="-85" y="-819"/>
  <i image="attack2.info.areaWarning_13.png" delay="140" x="-85" y="-819"/>
  <i image="attack2.info.areaWarning_14.png" delay="140" x="-85" y="-819"/>
  <i image="attack2.info.areaWarning_15.png" delay="140" x="-85" y="-819"/>
  <i image="attack2.info.areaWarning_16.png" delay="140" x="-85" y="-819"/>
  <i image="attack2.info.areaWarning_17.png" delay="140" x="-85" y="-819"/>
  <i image="attack2.info.areaWarning_18.png" delay="140" x="-85" y="-819"/>
  <i image="attack2.info.areaWarning_19.png" delay="140" x="-85" y="-819"/>
  <i image="attack2.info.areaWarning_20.png" delay="140" x="-85" y="-819"/>
  <i image="attack2.info.hit_0.png" delay="100" x="-45" y="-73"/>
  <i image="attack2.info.hit_1.png" delay="100" x="-45" y="-73"/>
  <i image="attack2.info.hit_2.png" delay="100" x="-45" y="-73"/>
  <i image="attack2.info.hit_3.png" delay="100" x="-45" y="-73"/>
  <i image="attack2.info.hit_4.png" delay="100" x="-45" y="-73"/>
  <i image="attack2_0.png" delay="140" x="-170" y="-486"/>
  <i image="attack2_1.png" delay="140" x="-170" y="-486"/>
  <i image="attack2_2.png" delay="140" x="-170" y="-486"/>
  <i image="attack2_3.png" delay="140" x="-170" y="-486"/>
  <i image="attack2_4.png" delay="140" x="-170" y="-486"/>
  <i image="attack2_5.png" delay="140" x="-170" y="-486"/>
  <i image="attack2_6.png" delay="140" x="-170" y="-486"/>
  <i image="attack2_7.png" delay="140" x="-170" y="-486"/>
  <i image="attack2_8.png" delay="140" x="-170" y="-486"/>
  <i image="attack2_9.png" delay="140" x="-170" y="-486"/>
  <i image="attack2_10.png" delay="140" x="-170" y="-486"/>
  <i image="attack2_11.png" delay="140" x="-170" y="-486"/>
  <i image="attack2_12.png" delay="140" x="-170" y="-486"/>
  <i image="attack2_13.png" delay="140" x="-170" y="-486"/>
  <i image="attack2_14.png" delay="140" x="-170" y="-486"/>
  <i image="attack2_15.png" delay="140" x="-170" y="-486"/>
  <i image="attack2_16.png" delay="140" x="-170" y="-486"/>
  <i image="attack2_17.png" delay="140" x="-170" y="-486"/>
  <i image="attack2_18.png" delay="140" x="-170" y="-486"/>
  <i image="attack2_19.png" delay="140" x="-170" y="-486"/>
  <i image="attack2_20.png" delay="140" x="-170" y="-486"/>
  <i image="attack2_21.png" delay="140" x="-170" y="-486"/>
  <i image="attack2_22.png" delay="140" x="-170" y="-486"/>
  <i image="attack2_23.png" delay="140" x="-170" y="-486"/>
  <i image="attack2_24.png" delay="140" x="-170" y="-486"/>
  <i image="attack2_25.png" delay="140" x="-170" y="-486"/>
  <i image="attack2_26.png" delay="140" x="-170" y="-486"/>
  <i image="attack2_27.png" delay="140" x="-170" y="-486"/>
  <i image="attack2_28.png" delay="140" x="-170" y="-486"/>
  <i image="attack2_29.png" delay="140" x="-170" y="-486"/>
  <i image="attack2_30.png" delay="140" x="-170" y="-486"/>
  <i image="attack2_31.png" delay="140" x="-170" y="-486"/>
  <i image="attack2_32.png" delay="140" x="-170" y="-486"/>
  <i image="attack2_33.png" delay="140" x="-170" y="-486"/>
  <i image="attack2_34.png" delay="140" x="-170" y="-486"/>
  <i image="attack2_35.png" delay="140" x="-170" y="-486"/>
  <i image="attack2_36.png" delay="140" x="-170" y="-486"/>
  <i image="attack3.info.effect_0.png" delay="90" x="-36" y="-53"/>
  <i image="attack3.info.effect0.0_0.png" delay="140" x="-85" y="-819"/>
  <i image="attack3.info.effect0.0_1.png" delay="140" x="-85" y="-819"/>
  <i image="attack3.info.effect0.0_2.png" delay="140" x="-85" y="-819"/>
  <i image="attack3.info.effect0.0_3.png" delay="140" x="-85" y="-819"/>
  <i image="attack3.info.effect0.0_4.png" delay="140" x="-85" y="-819"/>
  <i image="attack3.info.effect0.1_0.png" delay="140" x="-85" y="-819"/>
  <i image="attack3.info.effect0.1_1.png" delay="140" x="-85" y="-819"/>
  <i image="attack3.info.effect0.1_2.png" delay="140" x="-85" y="-819"/>
  <i image="attack3.info.effect0.1_3.png" delay="140" x="-85" y="-819"/>
  <i image="attack3.info.effect0.1_4.png" delay="140" x="-85" y="-819"/>
  <i image="attack3.info.effect0.2_0.png" delay="280" x="-85" y="-819"/>
  <i image="attack3.info.effect0.2_1.png" delay="140" x="-85" y="-819"/>
  <i image="attack3.info.effect0.2_2.png" delay="140" x="-85" y="-819"/>
  <i image="attack3.info.effect0.2_3.png" delay="140" x="-85" y="-819"/>
  <i image="attack3.info.effect0.2_4.png" delay="140" x="-85" y="-819"/>
  <i image="attack3.info.effect0.2_5.png" delay="140" x="-85" y="-819"/>
  <i image="attack3.info.effect0.3_0.png" delay="140" x="-85" y="-819"/>
  <i image="attack3.info.effect0.3_1.png" delay="140" x="-85" y="-819"/>
  <i image="attack3.info.effect0.3_2.png" delay="140" x="-85" y="-819"/>
  <i image="attack3.info.effect0.3_3.png" delay="140" x="-85" y="-819"/>
  <i image="attack3.info.effect0.3_4.png" delay="140" x="-85" y="-819"/>
  <i image="attack3.info.effect0.3_5.png" delay="140" x="-85" y="-819"/>
  <i image="attack3.info.hit_0.png" delay="100" x="-45" y="-73"/>
  <i image="attack3.info.hit_1.png" delay="100" x="-45" y="-73"/>
  <i image="attack3.info.hit_2.png" delay="100" x="-45" y="-73"/>
  <i image="attack3.info.hit_3.png" delay="100" x="-45" y="-73"/>
  <i image="attack3.info.hit_4.png" delay="100" x="-45" y="-73"/>
  <i image="attack3_0.png" delay="140" x="-170" y="-486"/>
  <i image="attack3_1.png" delay="140" x="-170" y="-486"/>
  <i image="attack3_2.png" delay="140" x="-170" y="-486"/>
  <i image="attack3_3.png" delay="140" x="-170" y="-486"/>
  <i image="attack3_4.png" delay="140" x="-170" y="-486"/>
  <i image="attack3_5.png" delay="140" x="-170" y="-486"/>
  <i image="attack3_6.png" delay="140" x="-170" y="-486"/>
  <i image="attack3_7.png" delay="140" x="-170" y="-486"/>
  <i image="attack3_8.png" delay="140" x="-170" y="-486"/>
  <i image="attack3_9.png" delay="140" x="-170" y="-486"/>
  <i image="attack3_10.png" delay="140" x="-170" y="-486"/>
  <i image="attack3_11.png" delay="140" x="-170" y="-486"/>
  <i image="attack3_12.png" delay="140" x="-170" y="-486"/>
  <i image="attack3_13.png" delay="140" x="-170" y="-486"/>
  <i image="attack3_14.png" delay="140" x="-170" y="-486"/>
  <i image="attack3_15.png" delay="140" x="-170" y="-486"/>
  <i image="attack3_16.png" delay="140" x="-170" y="-486"/>
  <i image="attack3_17.png" delay="140" x="-170" y="-486"/>
  <i image="attack3_18.png" delay="140" x="-170" y="-486"/>
  <i image="attack3_19.png" delay="140" x="-170" y="-486"/>
  <i image="attack3_20.png" delay="140" x="-170" y="-486"/>
  <i image="attack3_21.png" delay="140" x="-170" y="-486"/>
  <i image="attack3_22.png" delay="140" x="-170" y="-486"/>
  <i image="attack3_23.png" delay="140" x="-170" y="-486"/>
  <i image="attack3_24.png" delay="140" x="-170" y="-486"/>
  <i image="attack3_25.png" delay="140" x="-170" y="-486"/>
  <i image="attack3_26.png" delay="140" x="-170" y="-486"/>
  <i image="attack3_27.png" delay="140" x="-170" y="-486"/>
  <i image="attack3_28.png" delay="140" x="-170" y="-486"/>
  <i image="attack3_29.png" delay="140" x="-170" y="-486"/>
  <i image="attack3_30.png" delay="140" x="-170" y="-486"/>
  <i image="attack3_31.png" delay="140" x="-170" y="-486"/>
  <i image="attack3_32.png" delay="140" x="-170" y="-486"/>
  <i image="attack3_33.png" delay="140" x="-170" y="-486"/>
  <i image="attack3_34.png" delay="140" x="-170" y="-486"/>
  <i image="attack3_35.png" delay="140" x="-170" y="-486"/>
  <i image="attack3_36.png" delay="140" x="-170" y="-486"/>
  <i image="skill1_0.png" delay="140" x="-184" y="-477"/>
  <i image="skill1_1.png" delay="140" x="-184" y="-477"/>
  <i image="skill1_2.png" delay="140" x="-184" y="-477"/>
  <i image="skill1_3.png" delay="140" x="-184" y="-477"/>
  <i image="skill1_4.png" delay="140" x="-184" y="-477"/>
  <i image="skill1_5.png" delay="140" x="-184" y="-477"/>
  <i image="skill1_6.png" delay="140" x="-184" y="-477"/>
  <i image="skill1_7.png" delay="140" x="-184" y="-477"/>
  <i image="skill1_8.png" delay="140" x="-184" y="-477"/>
  <i image="skill1_9.png" delay="140" x="-184" y="-477"/>
  <i image="skill1_10.png" delay="140" x="-184" y="-477"/>
  <i image="skill1_11.png" delay="140" x="-184" y="-477"/>
  <i image="skill1_12.png" delay="140" x="-184" y="-477"/>
  <i image="skill1_13.png" delay="140" x="-184" y="-477"/>
  <i image="skill1_14.png" delay="140" x="-184" y="-477"/>
  <i image="skill1_15.png" delay="140" x="-184" y="-477"/>
  <i image="skill1_16.png" delay="140" x="-184" y="-477"/>
  <i image="skill1_17.png" delay="140" x="-184" y="-477"/>
  <i image="skill1_18.png" delay="140" x="-184" y="-477"/>
  <i image="skill1_19.png" delay="140" x="-184" y="-477"/>
  <i image="skill1_20.png" delay="140" x="-184" y="-477"/>
  <i image="skill1_21.png" delay="140" x="-184" y="-477"/>
  <i image="skill1_22.png" delay="140" x="-184" y="-477"/>
  <i image="skill1_23.png" delay="140" x="-184" y="-477"/>
  <i image="skill1_24.png" delay="140" x="-184" y="-477"/>
  <i image="skill1_25.png" delay="140" x="-184" y="-477"/>
  <i image="skill1_26.png" delay="140" x="-184" y="-477"/>
  <i image="skill1_27.png" delay="140" x="-184" y="-477"/>
  <i image="skill1_28.png" delay="140" x="-184" y="-477"/>
  <i image="skill1_29.png" delay="140" x="-184" y="-477"/>
  <i image="skill1_30.png" delay="140" x="-184" y="-477"/>
  <i image="skill1_31.png" delay="140" x="-184" y="-477"/>
  <i image="skill1_32.png" delay="140" x="-184" y="-477"/>
  <i image="skill1_33.png" delay="140" x="-184" y="-477"/>
  <i image="skill1_34.png" delay="140" x="-184" y="-477"/>
  <i image="skill1_35.png" delay="140" x="-184" y="-477"/>
  <i image="skill1_36.png" delay="140" x="-184" y="-477"/>
  <i image="hit1_0.png" delay="140" x="-184" y="-558"/>
  <i image="die1_0.png" delay="140" x="-570" y="-467"/>
  <i image="die1_1.png" delay="140" x="-570" y="-467"/>
  <i image="die1_2.png" delay="140" x="-570" y="-467"/>
  <i image="die1_3.png" delay="140" x="-570" y="-467"/>
  <i image="die1_4.png" delay="140" x="-570" y="-467"/>
  <i image="die1_5.png" delay="140" x="-570" y="-467"/>
  <i image="die1_6.png" delay="140" x="-570" y="-467"/>
  <i image="die1_7.png" delay="140" x="-570" y="-467"/>
  <i image="die1_8.png" delay="140" x="-570" y="-467"/>
  <i image="die1_9.png" delay="140" x="-570" y="-467"/>
  <i image="die1_10.png" delay="140" x="-570" y="-467"/>
  <i image="die1_11.png" delay="140" x="-570" y="-467"/>
  <i image="die1_12.png" delay="140" x="-570" y="-467"/>
  <i image="die1_13.png" delay="140" x="-570" y="-467"/>
  <i image="die1_14.png" delay="140" x="-570" y="-467"/>
  <i image="die1_15.png" delay="140" x="-570" y="-467"/>
  <i image="die1_16.png" delay="140" x="-570" y="-467"/>
  <i image="die1_17.png" delay="140" x="-570" y="-467"/>
  <i image="die1_18.png" delay="140" x="-570" y="-467"/>
  <i image="die1_19.png" delay="140" x="-570" y="-467"/>
  <i image="die1_20.png" delay="140" x="-570" y="-467"/>
  <i image="die1_21.png" delay="140" x="-570" y="-467"/>
  <i image="die1_22.png" delay="140" x="-570" y="-467"/>
  <i image="die1_23.png" delay="140" x="-570" y="-467"/>
  <i image="die1_24.png" delay="140" x="-570" y="-467"/>
  <i image="die1_25.png" delay="140" x="-570" y="-467"/>
  <i image="die1_26.png" delay="140" x="-570" y="-467"/>
  <i image="die1_27.png" delay="140" x="-570" y="-467"/>
  <i image="die1_28.png" delay="140" x="-570" y="-467"/>
  <i image="die1_29.png" delay="140" x="-570" y="-467"/>
  <i image="die1_30.png" delay="140" x="-570" y="-467"/>
  <i image="die1_31.png" delay="140" x="-570" y="-467"/>
  <i image="die1_32.png" delay="140" x="-570" y="-467"/>
  <i image="die1_33.png" delay="140" x="-570" y="-467"/>
  <i image="die1_34.png" delay="140" x="-570" y="-467"/>
  <i image="die1_35.png" delay="140" x="-570" y="-467"/>
  <i image="die1_36.png" delay="140" x="-570" y="-467"/>
  <i image="die1_37.png" delay="140" x="-570" y="-467"/>
  <i image="die1_38.png" delay="140" x="-570" y="-467"/>
  <i image="die1_39.png" delay="140" x="-570" y="-467"/>
  <i image="die1_40.png" delay="140" x="-570" y="-467"/>
</i>