<i>
  <i image="stand_0.png" delay="180" x="-69" y="-176"/>
  <i image="stand_1.png" delay="180" x="-69" y="-176"/>
  <i image="stand_2.png" delay="180" x="-69" y="-176"/>
  <i image="stand_3.png" delay="180" x="-69" y="-176"/>
  <i image="stand_4.png" delay="180" x="-69" y="-176"/>
  <i image="stand_5.png" delay="180" x="-69" y="-176"/>
  <i image="stand_6.png" delay="180" x="-69" y="-176"/>
  <i image="stand_7.png" delay="180" x="-69" y="-176"/>
  <i image="stand_8.png" delay="180" x="-69" y="-176"/>
  <i image="stand_9.png" delay="180" x="-69" y="-176"/>
  <i image="stand_10.png" delay="180" x="-69" y="-176"/>
  <i image="stand_11.png" delay="180" x="-69" y="-176"/>
  <i image="die1_0.png" delay="120" x="-79" y="-165"/>
  <i image="die1_1.png" delay="120" x="-79" y="-165"/>
  <i image="die1_2.png" delay="120" x="-79" y="-165"/>
  <i image="die1_3.png" delay="120" x="-79" y="-165"/>
  <i image="die1_4.png" delay="120" x="-79" y="-165"/>
</i>