<i>
  <i image="walk1_0.png" delay="180" x="-40" y="-68"/>
  <i image="walk1_1.png" delay="180" x="-40" y="-68"/>
  <i image="walk1_2.png" delay="180" x="-40" y="-68"/>
  <i image="walk1_3.png" delay="180" x="-40" y="-68"/>
  <i image="stand1_0.png" delay="500" x="-39" y="-68"/>
  <i image="stand1_1.png" delay="500" x="-39" y="-68"/>
  <i image="stand1_2.png" delay="500" x="-39" y="-68"/>
  <i image="stand1_3.png" delay="500" x="-39" y="-68"/>
  <i image="stand1_4.png" delay="500" x="-39" y="-68"/>
  <i image="alert_0.png" delay="500" x="-21" y="-67"/>
  <i image="alert_1.png" delay="500" x="-21" y="-67"/>
  <i image="alert_2.png" delay="500" x="-21" y="-67"/>
  <i image="alert_3.png" delay="500" x="-21" y="-67"/>
  <i image="alert_4.png" delay="500" x="-21" y="-67"/>
  <i image="swingT1_0.png" delay="300" x="-66" y="-68"/>
  <i image="swingT1_1.png" delay="150" x="-66" y="-68"/>
  <i image="swingT1_2.png" delay="350" x="-66" y="-68"/>
  <i image="swingT3_0.png" delay="300" x="-70" y="-91"/>
  <i image="swingT3_1.png" delay="150" x="-70" y="-91"/>
  <i image="swingT3_2.png" delay="350" x="-70" y="-91"/>
  <i image="shoot1_0.png" delay="300" x="-21" y="-68"/>
  <i image="shoot1_1.png" delay="150" x="-21" y="-68"/>
  <i image="shoot1_2.png" delay="350" x="-21" y="-68"/>
  <i image="shootF_0.png" delay="300" x="-22" y="-68"/>
  <i image="shootF_1.png" delay="150" x="-22" y="-68"/>
  <i image="shootF_2.png" delay="250" x="-22" y="-68"/>
  <i image="proneStab_0.png" delay="300" x="-16" y="-40"/>
  <i image="proneStab_1.png" delay="400" x="-16" y="-40"/>
  <i image="prone_0.png" delay="100" x="-16" y="-40"/>
  <i image="fly_0.png" delay="300" x="-21" y="-73"/>
  <i image="fly_1.png" delay="300" x="-21" y="-73"/>
  <i image="jump_0.png" delay="200" x="-21" y="-66"/>
  <i image="sit_0.png" delay="100" x="-24" y="-64"/>
  <i image="ladder_0.png" delay="250" x="-27" y="-66"/>
  <i image="ladder_1.png" delay="250" x="-27" y="-66"/>
  <i image="rope_0.png" delay="250" x="-26" y="-69"/>
  <i image="rope_1.png" delay="250" x="-26" y="-69"/>
</i>