<i>
  <i image="portalStart_0.png" delay="100" x="-47" y="-117"/>
  <i image="portalStart_1.png" delay="100" x="-47" y="-117"/>
  <i image="portalStart_2.png" delay="100" x="-47" y="-117"/>
  <i image="portalStart_3.png" delay="100" x="-47" y="-117"/>
  <i image="portalContinue_0.png" delay="100" x="-62" y="-119"/>
  <i image="portalContinue_1.png" delay="100" x="-62" y="-119"/>
  <i image="portalContinue_2.png" delay="100" x="-62" y="-119"/>
  <i image="portalContinue_3.png" delay="100" x="-62" y="-119"/>
  <i image="portalContinue_4.png" delay="100" x="-62" y="-119"/>
  <i image="portalContinue_5.png" delay="100" x="-62" y="-119"/>
  <i image="portalContinue_6.png" delay="100" x="-62" y="-119"/>
  <i image="portalExit_0.png" delay="100" x="-44" y="-116"/>
  <i image="portalExit_1.png" delay="100" x="-44" y="-116"/>
  <i image="portalExit_2.png" delay="100" x="-44" y="-116"/>
</i>