<i>
  <i image="0_0.png" delay="90" x="-12" y="-118"/>
  <i image="0_1.png" delay="90" x="-12" y="-118"/>
  <i image="0_2.png" delay="90" x="-12" y="-118"/>
  <i image="1_0.png" delay="90" x="-9" y="-118"/>
  <i image="1_1.png" delay="90" x="-9" y="-118"/>
  <i image="1_2.png" delay="90" x="-9" y="-118"/>
  <i image="2_0.png" delay="90" x="-11" y="-118"/>
  <i image="2_1.png" delay="90" x="-11" y="-118"/>
  <i image="2_2.png" delay="90" x="-11" y="-118"/>
  <i image="3_0.png" delay="90" x="-11" y="-118"/>
  <i image="3_1.png" delay="90" x="-11" y="-118"/>
  <i image="3_2.png" delay="90" x="-11" y="-118"/>
  <i image="4_0.png" delay="90" x="-12" y="-118"/>
  <i image="4_1.png" delay="90" x="-12" y="-118"/>
  <i image="4_2.png" delay="90" x="-12" y="-118"/>
  <i image="5_0.png" delay="90" x="-11" y="-118"/>
  <i image="5_1.png" delay="90" x="-11" y="-118"/>
  <i image="5_2.png" delay="90" x="-11" y="-118"/>
  <i image="6_0.png" delay="90" x="-11" y="-118"/>
  <i image="6_1.png" delay="90" x="-11" y="-118"/>
  <i image="6_2.png" delay="90" x="-11" y="-118"/>
  <i image="7_0.png" delay="90" x="-11" y="-118"/>
  <i image="7_1.png" delay="90" x="-11" y="-118"/>
  <i image="7_2.png" delay="90" x="-11" y="-118"/>
  <i image="8_0.png" delay="90" x="-11" y="-118"/>
  <i image="8_1.png" delay="90" x="-11" y="-118"/>
  <i image="8_2.png" delay="90" x="-11" y="-118"/>
  <i image="9_0.png" delay="90" x="-11" y="-118"/>
  <i image="9_1.png" delay="90" x="-11" y="-118"/>
  <i image="9_2.png" delay="90" x="-11" y="-118"/>
</i>