<i>
  <i image="move_0.png" delay="150" x="-73" y="-86"/>
  <i image="move_1.png" delay="150" x="-73" y="-86"/>
  <i image="move_2.png" delay="150" x="-73" y="-86"/>
  <i image="move_3.png" delay="150" x="-73" y="-86"/>
  <i image="stand_0.png" delay="130" x="-96" y="-86"/>
  <i image="stand_1.png" delay="130" x="-96" y="-86"/>
  <i image="stand_2.png" delay="130" x="-96" y="-86"/>
  <i image="stand_3.png" delay="130" x="-96" y="-86"/>
  <i image="stand_4.png" delay="130" x="-96" y="-86"/>
  <i image="attack1.info.ball_0.png" delay="100" x="-17" y="-17"/>
  <i image="attack1.info.ball_1.png" delay="100" x="-17" y="-17"/>
  <i image="attack1.info.ball_2.png" delay="100" x="-17" y="-17"/>
  <i image="attack1.info.hit_0.png" delay="100" x="-41" y="-61"/>
  <i image="attack1.info.hit_1.png" delay="100" x="-41" y="-61"/>
  <i image="attack1.info.hit_2.png" delay="100" x="-41" y="-61"/>
  <i image="attack1.info.hit_3.png" delay="100" x="-41" y="-61"/>
  <i image="attack1.info.hit_4.png" delay="100" x="-41" y="-61"/>
  <i image="attack1.info.hit_5.png" delay="100" x="-41" y="-61"/>
  <i image="attack1.info.hit_6.png" delay="100" x="-41" y="-61"/>
  <i image="attack1.info.hit_7.png" delay="100" x="-41" y="-61"/>
  <i image="attack1_0.png" delay="110" x="-139" y="-126"/>
  <i image="attack1_1.png" delay="110" x="-139" y="-126"/>
  <i image="attack1_2.png" delay="110" x="-139" y="-126"/>
  <i image="attack1_3.png" delay="110" x="-139" y="-126"/>
  <i image="attack1_4.png" delay="110" x="-139" y="-126"/>
  <i image="attack1_5.png" delay="110" x="-139" y="-126"/>
  <i image="attack1_6.png" delay="110" x="-139" y="-126"/>
  <i image="attack1_7.png" delay="110" x="-139" y="-126"/>
  <i image="attack1_8.png" delay="110" x="-139" y="-126"/>
  <i image="attack1_9.png" delay="110" x="-139" y="-126"/>
  <i image="attack1_10.png" delay="110" x="-139" y="-126"/>
  <i image="attack1_11.png" delay="110" x="-139" y="-126"/>
  <i image="attack1_12.png" delay="110" x="-139" y="-126"/>
  <i image="attack1_13.png" delay="130" x="-139" y="-126"/>
  <i image="attack1_14.png" delay="130" x="-139" y="-126"/>
  <i image="attack1_15.png" delay="130" x="-139" y="-126"/>
  <i image="attack1_16.png" delay="130" x="-139" y="-126"/>
  <i image="attack1_17.png" delay="130" x="-139" y="-126"/>
  <i image="attack1_18.png" delay="130" x="-139" y="-126"/>
  <i image="attack1_19.png" delay="130" x="-139" y="-126"/>
  <i image="attack1_20.png" delay="130" x="-139" y="-126"/>
  <i image="attack1_21.png" delay="130" x="-139" y="-126"/>
  <i image="attack1_22.png" delay="130" x="-139" y="-126"/>
  <i image="hit1_0.png" delay="600" x="-62" y="-96"/>
  <i image="die1_0.png" delay="150" x="-105" y="-80"/>
  <i image="die1_1.png" delay="150" x="-105" y="-80"/>
  <i image="die1_2.png" delay="150" x="-105" y="-80"/>
  <i image="die1_3.png" delay="150" x="-105" y="-80"/>
  <i image="die1_4.png" delay="150" x="-105" y="-80"/>
  <i image="die1_5.png" delay="150" x="-105" y="-80"/>
</i>