<i>
  <i image="move_0.png" delay="180" x="-51" y="-77"/>
  <i image="move_1.png" delay="180" x="-51" y="-77"/>
  <i image="move_2.png" delay="180" x="-51" y="-77"/>
  <i image="move_3.png" delay="180" x="-51" y="-77"/>
  <i image="stand_0.png" delay="180" x="-50" y="-76"/>
  <i image="stand_1.png" delay="180" x="-50" y="-76"/>
  <i image="stand_2.png" delay="180" x="-50" y="-76"/>
  <i image="stand_3.png" delay="180" x="-50" y="-76"/>
  <i image="attack1.info.hit_0.png" delay="100" x="-151" y="-146"/>
  <i image="attack1.info.hit_1.png" delay="100" x="-151" y="-146"/>
  <i image="attack1.info.hit_2.png" delay="100" x="-151" y="-146"/>
  <i image="attack1.info.hit_3.png" delay="100" x="-151" y="-146"/>
  <i image="attack1.info.hit_4.png" delay="100" x="-151" y="-146"/>
  <i image="attack1.info.hit_5.png" delay="100" x="-151" y="-146"/>
  <i image="attack1_0.png" delay="100" x="-122" y="-204"/>
  <i image="attack1_1.png" delay="100" x="-122" y="-204"/>
  <i image="attack1_2.png" delay="100" x="-122" y="-204"/>
  <i image="attack1_3.png" delay="100" x="-122" y="-204"/>
  <i image="attack1_4.png" delay="100" x="-122" y="-204"/>
  <i image="attack1_5.png" delay="100" x="-122" y="-204"/>
  <i image="attack1_6.png" delay="100" x="-122" y="-204"/>
  <i image="attack1_7.png" delay="100" x="-122" y="-204"/>
  <i image="attack1_8.png" delay="100" x="-122" y="-204"/>
  <i image="attack1_9.png" delay="100" x="-122" y="-204"/>
  <i image="attack1_10.png" delay="100" x="-122" y="-204"/>
  <i image="attack1_11.png" delay="100" x="-122" y="-204"/>
  <i image="attack1_12.png" delay="100" x="-122" y="-204"/>
  <i image="attack1_13.png" delay="100" x="-122" y="-204"/>
  <i image="attack2.info.hit_0.png" delay="100" x="-292" y="-82"/>
  <i image="attack2.info.hit_1.png" delay="100" x="-292" y="-82"/>
  <i image="attack2_0.png" delay="100" x="-643" y="-415"/>
  <i image="attack2_1.png" delay="100" x="-643" y="-415"/>
  <i image="attack2_2.png" delay="100" x="-643" y="-415"/>
  <i image="attack2_3.png" delay="100" x="-643" y="-415"/>
  <i image="attack2_4.png" delay="100" x="-643" y="-415"/>
  <i image="attack2_5.png" delay="100" x="-643" y="-415"/>
  <i image="attack2_6.png" delay="100" x="-643" y="-415"/>
  <i image="attack2_7.png" delay="100" x="-643" y="-415"/>
  <i image="attack2_8.png" delay="100" x="-643" y="-415"/>
  <i image="attack2_9.png" delay="100" x="-643" y="-415"/>
  <i image="attack2_10.png" delay="100" x="-643" y="-415"/>
  <i image="attack2_11.png" delay="100" x="-643" y="-415"/>
  <i image="attack2_12.png" delay="100" x="-643" y="-415"/>
  <i image="attack2_13.png" delay="100" x="-643" y="-415"/>
  <i image="attack3.info.hit_0.png" delay="100" x="-366" y="-153"/>
  <i image="attack3.info.hit_1.png" delay="100" x="-366" y="-153"/>
  <i image="attack3.info.hit_2.png" delay="100" x="-366" y="-153"/>
  <i image="attack3.info.hit_3.png" delay="100" x="-366" y="-153"/>
  <i image="attack3_0.png" delay="100" x="-294" y="-254"/>
  <i image="attack3_1.png" delay="100" x="-294" y="-254"/>
  <i image="attack3_2.png" delay="100" x="-294" y="-254"/>
  <i image="attack3_3.png" delay="100" x="-294" y="-254"/>
  <i image="attack3_4.png" delay="100" x="-294" y="-254"/>
  <i image="attack3_5.png" delay="100" x="-294" y="-254"/>
  <i image="attack3_6.png" delay="100" x="-294" y="-254"/>
  <i image="attack3_7.png" delay="100" x="-294" y="-254"/>
  <i image="attack3_8.png" delay="100" x="-294" y="-254"/>
  <i image="attack3_9.png" delay="100" x="-294" y="-254"/>
  <i image="attack3_10.png" delay="100" x="-294" y="-254"/>
  <i image="attack3_11.png" delay="100" x="-294" y="-254"/>
  <i image="attack3_12.png" delay="100" x="-294" y="-254"/>
  <i image="hit1_0.png" delay="500" x="-32" y="-77"/>
  <i image="die1_0.png" delay="100" x="-128" y="-102"/>
  <i image="die1_1.png" delay="100" x="-128" y="-102"/>
  <i image="die1_2.png" delay="100" x="-128" y="-102"/>
  <i image="die1_3.png" delay="100" x="-128" y="-102"/>
  <i image="die1_4.png" delay="100" x="-128" y="-102"/>
  <i image="die1_5.png" delay="100" x="-128" y="-102"/>
  <i image="die1_6.png" delay="100" x="-128" y="-102"/>
  <i image="die1_7.png" delay="100" x="-128" y="-102"/>
  <i image="die1_8.png" delay="100" x="-128" y="-102"/>
  <i image="die1_9.png" delay="100" x="-128" y="-102"/>
  <i image="die1_10.png" delay="100" x="-128" y="-102"/>
  <i image="die1_11.png" delay="100" x="-128" y="-102"/>
  <i image="die1_12.png" delay="100" x="-128" y="-102"/>
  <i image="die1_13.png" delay="100" x="-128" y="-102"/>
  <i image="jump_0.png" delay="100" x="-56" y="-86"/>
</i>