<i>
  <i image="stand_0.png" delay="110" x="-104" y="-280"/>
  <i image="stand_1.png" delay="110" x="-104" y="-280"/>
  <i image="stand_2.png" delay="110" x="-104" y="-280"/>
  <i image="stand_3.png" delay="110" x="-104" y="-280"/>
  <i image="stand_4.png" delay="110" x="-104" y="-280"/>
  <i image="stand_5.png" delay="110" x="-104" y="-280"/>
  <i image="stand_6.png" delay="110" x="-104" y="-280"/>
  <i image="stand_7.png" delay="110" x="-104" y="-280"/>
  <i image="stand_8.png" delay="110" x="-104" y="-280"/>
  <i image="skill1_0.png" delay="110" x="-169" y="-303"/>
  <i image="skill1_1.png" delay="110" x="-169" y="-303"/>
  <i image="skill1_2.png" delay="110" x="-169" y="-303"/>
  <i image="skill1_3.png" delay="110" x="-169" y="-303"/>
  <i image="skill1_4.png" delay="110" x="-169" y="-303"/>
  <i image="skill1_5.png" delay="110" x="-169" y="-303"/>
  <i image="skill1_6.png" delay="110" x="-169" y="-303"/>
  <i image="skill1_7.png" delay="110" x="-169" y="-303"/>
  <i image="skill1_8.png" delay="100" x="-169" y="-303"/>
  <i image="skill2_0.png" delay="110" x="-124" y="-343"/>
  <i image="skill2_1.png" delay="110" x="-124" y="-343"/>
  <i image="skill2_2.png" delay="110" x="-124" y="-343"/>
  <i image="skill2_3.png" delay="110" x="-124" y="-343"/>
  <i image="skill2_4.png" delay="110" x="-124" y="-343"/>
  <i image="skill2_5.png" delay="110" x="-124" y="-343"/>
  <i image="skill2_6.png" delay="110" x="-124" y="-343"/>
  <i image="skill2_7.png" delay="110" x="-124" y="-343"/>
  <i image="skill2_8.png" delay="110" x="-124" y="-343"/>
  <i image="skill2_9.png" delay="110" x="-124" y="-343"/>
  <i image="skill2_10.png" delay="110" x="-124" y="-343"/>
  <i image="skill2_11.png" delay="100" x="-124" y="-343"/>
  <i image="skill3_0.png" delay="110" x="-124" y="-299"/>
  <i image="skill3_1.png" delay="110" x="-124" y="-299"/>
  <i image="skill3_2.png" delay="110" x="-124" y="-299"/>
  <i image="skill3_3.png" delay="110" x="-124" y="-299"/>
  <i image="skill3_4.png" delay="110" x="-124" y="-299"/>
  <i image="skill3_5.png" delay="110" x="-124" y="-299"/>
  <i image="skill3_6.png" delay="110" x="-124" y="-299"/>
  <i image="skill3_7.png" delay="110" x="-124" y="-299"/>
  <i image="skill3_8.png" delay="110" x="-124" y="-299"/>
  <i image="skill3_9.png" delay="110" x="-124" y="-299"/>
  <i image="skill3_10.png" delay="110" x="-124" y="-299"/>
  <i image="skill3_11.png" delay="100" x="-124" y="-299"/>
  <i image="attack1.info.effect_0.png" delay="90" x="-2" y="-2"/>
  <i image="attack1.info.effect_1.png" delay="90" x="-2" y="-2"/>
  <i image="attack1.info.effect_2.png" delay="90" x="-2" y="-2"/>
  <i image="attack1.info.effect_3.png" delay="90" x="-2" y="-2"/>
  <i image="attack1.info.effect_4.png" delay="90" x="-2" y="-2"/>
  <i image="attack1.info.effect_5.png" delay="90" x="-2" y="-2"/>
  <i image="attack1.info.effect0.0_0.png" delay="130" x="-47" y="-120"/>
  <i image="attack1.info.effect0.0_1.png" delay="130" x="-47" y="-120"/>
  <i image="attack1.info.effect0.0_2.png" delay="130" x="-47" y="-120"/>
  <i image="attack1.info.effect0.0_3.png" delay="130" x="-47" y="-120"/>
  <i image="attack1.info.effect0.0_4.png" delay="270" x="-47" y="-120"/>
  <i image="attack1.info.effect0.1_0.png" delay="130" x="-47" y="-120"/>
  <i image="attack1.info.effect0.1_1.png" delay="130" x="-47" y="-120"/>
  <i image="attack1.info.effect0.1_2.png" delay="130" x="-47" y="-120"/>
  <i image="attack1.info.effect0.1_3.png" delay="130" x="-47" y="-120"/>
  <i image="attack1.info.effect0.1_4.png" delay="270" x="-47" y="-120"/>
  <i image="attack1.info.effect0.2_0.png" delay="130" x="-47" y="-120"/>
  <i image="attack1.info.effect0.2_1.png" delay="130" x="-47" y="-120"/>
  <i image="attack1.info.effect0.2_2.png" delay="130" x="-47" y="-120"/>
  <i image="attack1.info.effect0.2_3.png" delay="130" x="-47" y="-120"/>
  <i image="attack1.info.effect0.2_4.png" delay="270" x="-47" y="-120"/>
  <i image="attack1.info.effect0.3_0.png" delay="130" x="-47" y="-120"/>
  <i image="attack1.info.effect0.3_1.png" delay="130" x="-47" y="-120"/>
  <i image="attack1.info.effect0.3_2.png" delay="130" x="-47" y="-120"/>
  <i image="attack1.info.effect0.3_3.png" delay="130" x="-47" y="-120"/>
  <i image="attack1.info.effect0.3_4.png" delay="270" x="-47" y="-120"/>
  <i image="attack1.info.hit_0.png" delay="100" x="-50" y="-53"/>
  <i image="attack1.info.hit_1.png" delay="100" x="-50" y="-53"/>
  <i image="attack1_0.png" delay="100" x="-254" y="-352"/>
  <i image="attack1_1.png" delay="100" x="-254" y="-352"/>
  <i image="attack1_2.png" delay="100" x="-254" y="-352"/>
  <i image="attack1_3.png" delay="100" x="-254" y="-352"/>
  <i image="attack1_4.png" delay="100" x="-254" y="-352"/>
  <i image="attack1_5.png" delay="100" x="-254" y="-352"/>
  <i image="attack1_6.png" delay="100" x="-254" y="-352"/>
  <i image="attack1_7.png" delay="100" x="-254" y="-352"/>
  <i image="attack1_8.png" delay="100" x="-254" y="-352"/>
  <i image="attack1_9.png" delay="100" x="-254" y="-352"/>
  <i image="attack1_10.png" delay="100" x="-254" y="-352"/>
  <i image="attack1_11.png" delay="100" x="-254" y="-352"/>
  <i image="attack1_12.png" delay="100" x="-254" y="-352"/>
  <i image="attack1_13.png" delay="110" x="-254" y="-352"/>
  <i image="attack1_14.png" delay="110" x="-254" y="-352"/>
  <i image="attack1_15.png" delay="110" x="-254" y="-352"/>
  <i image="attack1_16.png" delay="110" x="-254" y="-352"/>
  <i image="attack1_17.png" delay="110" x="-254" y="-352"/>
  <i image="attack1_18.png" delay="110" x="-254" y="-352"/>
  <i image="attack1_19.png" delay="110" x="-254" y="-352"/>
  <i image="attack1_20.png" delay="110" x="-254" y="-352"/>
  <i image="attack1_21.png" delay="110" x="-254" y="-352"/>
  <i image="attack1_22.png" delay="110" x="-254" y="-352"/>
  <i image="attack1_23.png" delay="110" x="-254" y="-352"/>
  <i image="attack1_24.png" delay="110" x="-254" y="-352"/>
  <i image="attack1_25.png" delay="110" x="-254" y="-352"/>
  <i image="attack1_26.png" delay="110" x="-254" y="-352"/>
  <i image="attack1_27.png" delay="110" x="-254" y="-352"/>
  <i image="attack1_28.png" delay="110" x="-254" y="-352"/>
  <i image="attack1_29.png" delay="110" x="-254" y="-352"/>
  <i image="attack1_30.png" delay="110" x="-254" y="-352"/>
  <i image="attack1_31.png" delay="110" x="-254" y="-352"/>
  <i image="attack1_32.png" delay="110" x="-254" y="-352"/>
  <i image="attack1_33.png" delay="110" x="-254" y="-352"/>
  <i image="attack1_34.png" delay="110" x="-254" y="-352"/>
  <i image="attack1_35.png" delay="110" x="-254" y="-352"/>
  <i image="attack1_36.png" delay="110" x="-254" y="-352"/>
  <i image="attack1_37.png" delay="110" x="-254" y="-352"/>
  <i image="attack1_38.png" delay="110" x="-254" y="-352"/>
  <i image="attack1_39.png" delay="110" x="-254" y="-352"/>
  <i image="attack2.info.effect_0.png" delay="90" x="-2" y="-2"/>
  <i image="attack2.info.effect_1.png" delay="90" x="-2" y="-2"/>
  <i image="attack2.info.effect_2.png" delay="90" x="-2" y="-2"/>
  <i image="attack2.info.effect_3.png" delay="90" x="-2" y="-2"/>
  <i image="attack2.info.effect_4.png" delay="90" x="-2" y="-2"/>
  <i image="attack2.info.effect_5.png" delay="90" x="-2" y="-2"/>
  <i image="attack2.info.effect0.0_0.png" delay="115" x="-56" y="-82"/>
  <i image="attack2.info.effect0.0_1.png" delay="115" x="-56" y="-82"/>
  <i image="attack2.info.effect0.0_2.png" delay="115" x="-56" y="-82"/>
  <i image="attack2.info.effect0.0_3.png" delay="115" x="-56" y="-82"/>
  <i image="attack2.info.effect0.0_4.png" delay="115" x="-56" y="-82"/>
  <i image="attack2.info.effect0.0_5.png" delay="115" x="-56" y="-82"/>
  <i image="attack2.info.effect0.0_6.png" delay="115" x="-56" y="-82"/>
  <i image="attack2.info.effect0.1_0.png" delay="115" x="-56" y="-82"/>
  <i image="attack2.info.effect0.1_1.png" delay="115" x="-56" y="-82"/>
  <i image="attack2.info.effect0.1_2.png" delay="115" x="-56" y="-82"/>
  <i image="attack2.info.effect0.1_3.png" delay="115" x="-56" y="-82"/>
  <i image="attack2.info.effect0.1_4.png" delay="115" x="-56" y="-82"/>
  <i image="attack2.info.effect0.1_5.png" delay="115" x="-56" y="-82"/>
  <i image="attack2.info.effect0.1_6.png" delay="115" x="-56" y="-82"/>
  <i image="attack2.info.effect0.2_0.png" delay="115" x="-56" y="-82"/>
  <i image="attack2.info.effect0.2_1.png" delay="115" x="-56" y="-82"/>
  <i image="attack2.info.effect0.2_2.png" delay="115" x="-56" y="-82"/>
  <i image="attack2.info.effect0.2_3.png" delay="115" x="-56" y="-82"/>
  <i image="attack2.info.effect0.2_4.png" delay="115" x="-56" y="-82"/>
  <i image="attack2.info.effect0.2_5.png" delay="115" x="-56" y="-82"/>
  <i image="attack2.info.effect0.2_6.png" delay="115" x="-56" y="-82"/>
  <i image="attack2.info.effect0.3_0.png" delay="115" x="-56" y="-82"/>
  <i image="attack2.info.effect0.3_1.png" delay="115" x="-56" y="-82"/>
  <i image="attack2.info.effect0.3_2.png" delay="115" x="-56" y="-82"/>
  <i image="attack2.info.effect0.3_3.png" delay="115" x="-56" y="-82"/>
  <i image="attack2.info.effect0.3_4.png" delay="115" x="-56" y="-82"/>
  <i image="attack2.info.effect0.3_5.png" delay="115" x="-56" y="-82"/>
  <i image="attack2.info.effect0.3_6.png" delay="115" x="-56" y="-82"/>
  <i image="attack2.info.hit_0.png" delay="100" x="-29" y="-30"/>
  <i image="attack2.info.hit_1.png" delay="100" x="-29" y="-30"/>
  <i image="attack2_0.png" delay="100" x="-182" y="-341"/>
  <i image="attack2_1.png" delay="100" x="-182" y="-341"/>
  <i image="attack2_2.png" delay="100" x="-182" y="-341"/>
  <i image="attack2_3.png" delay="100" x="-182" y="-341"/>
  <i image="attack2_4.png" delay="100" x="-182" y="-341"/>
  <i image="attack2_5.png" delay="100" x="-182" y="-341"/>
  <i image="attack2_6.png" delay="100" x="-182" y="-341"/>
  <i image="attack2_7.png" delay="100" x="-182" y="-341"/>
  <i image="attack2_8.png" delay="100" x="-182" y="-341"/>
  <i image="attack2_9.png" delay="100" x="-182" y="-341"/>
  <i image="attack2_10.png" delay="100" x="-182" y="-341"/>
  <i image="attack2_11.png" delay="100" x="-182" y="-341"/>
  <i image="attack2_12.png" delay="100" x="-182" y="-341"/>
  <i image="attack2_13.png" delay="110" x="-182" y="-341"/>
  <i image="attack2_14.png" delay="110" x="-182" y="-341"/>
  <i image="attack2_15.png" delay="110" x="-182" y="-341"/>
  <i image="attack2_16.png" delay="110" x="-182" y="-341"/>
  <i image="attack2_17.png" delay="110" x="-182" y="-341"/>
  <i image="attack2_18.png" delay="110" x="-182" y="-341"/>
  <i image="attack2_19.png" delay="110" x="-182" y="-341"/>
  <i image="attack2_20.png" delay="110" x="-182" y="-341"/>
  <i image="attack2_21.png" delay="110" x="-182" y="-341"/>
  <i image="attack2_22.png" delay="110" x="-182" y="-341"/>
  <i image="attack2_23.png" delay="110" x="-182" y="-341"/>
  <i image="attack2_24.png" delay="110" x="-182" y="-341"/>
  <i image="attack2_25.png" delay="110" x="-182" y="-341"/>
  <i image="attack2_26.png" delay="110" x="-182" y="-341"/>
  <i image="attack2_27.png" delay="110" x="-182" y="-341"/>
  <i image="attack2_28.png" delay="110" x="-182" y="-341"/>
  <i image="attack2_29.png" delay="110" x="-182" y="-341"/>
  <i image="attack2_30.png" delay="110" x="-182" y="-341"/>
  <i image="attack3.info.effect_0.png" delay="90" x="-2" y="-2"/>
  <i image="attack3.info.effect_1.png" delay="90" x="-2" y="-2"/>
  <i image="attack3.info.effect_2.png" delay="90" x="-2" y="-2"/>
  <i image="attack3.info.effect_3.png" delay="90" x="-2" y="-2"/>
  <i image="attack3.info.effect_4.png" delay="90" x="-2" y="-2"/>
  <i image="attack3.info.effect_5.png" delay="90" x="-2" y="-2"/>
  <i image="attack3.info.areaWarning_0.png" delay="85" x="-77" y="-140"/>
  <i image="attack3.info.areaWarning_1.png" delay="85" x="-77" y="-140"/>
  <i image="attack3.info.areaWarning_2.png" delay="85" x="-77" y="-140"/>
  <i image="attack3.info.areaWarning_3.png" delay="85" x="-77" y="-140"/>
  <i image="attack3.info.areaWarning_4.png" delay="85" x="-77" y="-140"/>
  <i image="attack3.info.areaWarning_5.png" delay="85" x="-77" y="-140"/>
  <i image="attack3.info.areaWarning_6.png" delay="85" x="-77" y="-140"/>
  <i image="attack3.info.areaWarning_7.png" delay="85" x="-77" y="-140"/>
  <i image="attack3.info.areaWarning_8.png" delay="85" x="-77" y="-140"/>
  <i image="attack3.info.areaWarning_9.png" delay="85" x="-77" y="-140"/>
  <i image="attack3.info.areaWarning_10.png" delay="85" x="-77" y="-140"/>
  <i image="attack3.info.areaWarning_11.png" delay="85" x="-77" y="-140"/>
  <i image="attack3.info.areaWarning_12.png" delay="85" x="-77" y="-140"/>
  <i image="attack3.info.areaWarning_13.png" delay="85" x="-77" y="-140"/>
  <i image="attack3.info.areaWarning_14.png" delay="85" x="-77" y="-140"/>
  <i image="attack3.info.areaWarning_15.png" delay="85" x="-77" y="-140"/>
  <i image="attack3.info.areaWarning_16.png" delay="85" x="-77" y="-140"/>
  <i image="attack3.info.areaWarning_17.png" delay="85" x="-77" y="-140"/>
  <i image="attack3.info.areaWarning_18.png" delay="85" x="-77" y="-140"/>
  <i image="attack3.info.areaWarning_19.png" delay="85" x="-77" y="-140"/>
  <i image="attack3.info.areaWarning_20.png" delay="85" x="-77" y="-140"/>
  <i image="attack3.info.areaWarning_21.png" delay="85" x="-77" y="-140"/>
  <i image="attack3.info.areaWarning_22.png" delay="85" x="-77" y="-140"/>
  <i image="attack3.info.areaWarning_23.png" delay="85" x="-77" y="-140"/>
  <i image="attack3.info.areaWarning_24.png" delay="85" x="-77" y="-140"/>
  <i image="attack3.info.areaWarning_25.png" delay="85" x="-77" y="-140"/>
  <i image="attack3.info.areaWarning_26.png" delay="85" x="-77" y="-140"/>
  <i image="attack3.info.areaWarning_27.png" delay="85" x="-77" y="-140"/>
  <i image="attack3.info.areaWarning_28.png" delay="85" x="-77" y="-140"/>
  <i image="attack3.info.areaWarning_29.png" delay="85" x="-77" y="-140"/>
  <i image="attack3.info.hit_0.png" delay="300" x="-61" y="-69"/>
  <i image="attack3_0.png" delay="100" x="-164" y="-296"/>
  <i image="attack3_1.png" delay="100" x="-164" y="-296"/>
  <i image="attack3_2.png" delay="100" x="-164" y="-296"/>
  <i image="attack3_3.png" delay="100" x="-164" y="-296"/>
  <i image="attack3_4.png" delay="100" x="-164" y="-296"/>
  <i image="attack3_5.png" delay="100" x="-164" y="-296"/>
  <i image="attack3_6.png" delay="100" x="-164" y="-296"/>
  <i image="attack3_7.png" delay="100" x="-164" y="-296"/>
  <i image="attack3_8.png" delay="110" x="-164" y="-296"/>
  <i image="attack3_9.png" delay="110" x="-164" y="-296"/>
  <i image="attack3_10.png" delay="110" x="-164" y="-296"/>
  <i image="attack3_11.png" delay="110" x="-164" y="-296"/>
  <i image="attack3_12.png" delay="110" x="-164" y="-296"/>
  <i image="attack3_13.png" delay="110" x="-164" y="-296"/>
  <i image="attack3_14.png" delay="110" x="-164" y="-296"/>
  <i image="attack3_15.png" delay="110" x="-164" y="-296"/>
  <i image="attack3_16.png" delay="110" x="-164" y="-296"/>
  <i image="attack3_17.png" delay="110" x="-164" y="-296"/>
  <i image="attack3_18.png" delay="110" x="-164" y="-296"/>
  <i image="attack3_19.png" delay="110" x="-164" y="-296"/>
  <i image="attack3_20.png" delay="110" x="-164" y="-296"/>
  <i image="attack3_21.png" delay="110" x="-164" y="-296"/>
  <i image="attack3_22.png" delay="110" x="-164" y="-296"/>
  <i image="attack3_23.png" delay="110" x="-164" y="-296"/>
  <i image="attack3_24.png" delay="110" x="-164" y="-296"/>
  <i image="attack3_25.png" delay="110" x="-164" y="-296"/>
  <i image="attack3_26.png" delay="110" x="-164" y="-296"/>
  <i image="attack3_27.png" delay="110" x="-164" y="-296"/>
  <i image="attack3_28.png" delay="110" x="-164" y="-296"/>
  <i image="attack3_29.png" delay="110" x="-164" y="-296"/>
  <i image="attack3_30.png" delay="110" x="-164" y="-296"/>
  <i image="attack3_31.png" delay="110" x="-164" y="-296"/>
  <i image="attack3_32.png" delay="110" x="-164" y="-296"/>
  <i image="attack3_33.png" delay="110" x="-164" y="-296"/>
  <i image="attack3_34.png" delay="110" x="-164" y="-296"/>
  <i image="hit1_0.png" delay="600" x="-132" y="-294"/>
  <i image="die1_0.png" delay="130" x="-145" y="-324"/>
  <i image="die1_1.png" delay="130" x="-145" y="-324"/>
  <i image="die1_2.png" delay="130" x="-145" y="-324"/>
  <i image="die1_3.png" delay="130" x="-145" y="-324"/>
  <i image="die1_4.png" delay="130" x="-145" y="-324"/>
  <i image="die1_5.png" delay="130" x="-145" y="-324"/>
  <i image="die1_6.png" delay="130" x="-145" y="-324"/>
  <i image="die1_7.png" delay="130" x="-145" y="-324"/>
  <i image="die1_8.png" delay="100" x="-145" y="-324"/>
</i>