<i>
  <i image="stand_0.png" delay="120" x="-192" y="-327"/>
  <i image="stand_1.png" delay="120" x="-192" y="-327"/>
  <i image="stand_2.png" delay="120" x="-192" y="-327"/>
  <i image="stand_3.png" delay="120" x="-192" y="-327"/>
  <i image="stand_4.png" delay="120" x="-192" y="-327"/>
  <i image="stand_5.png" delay="120" x="-192" y="-327"/>
  <i image="fly_0.png" delay="120" x="-192" y="-327"/>
  <i image="fly_1.png" delay="120" x="-192" y="-327"/>
  <i image="fly_2.png" delay="120" x="-192" y="-327"/>
  <i image="fly_3.png" delay="120" x="-192" y="-327"/>
  <i image="fly_4.png" delay="120" x="-192" y="-327"/>
  <i image="fly_5.png" delay="120" x="-192" y="-327"/>
  <i image="attack1.info.hit_0.png" delay="90" x="-62" y="-97"/>
  <i image="attack1.info.hit_1.png" delay="90" x="-62" y="-97"/>
  <i image="attack1.info.hit_2.png" delay="90" x="-62" y="-97"/>
  <i image="attack1.info.hit_3.png" delay="90" x="-62" y="-97"/>
  <i image="attack1.info.hit_4.png" delay="90" x="-62" y="-97"/>
  <i image="attack1.info.ball_0.png" delay="120" x="-49" y="-45"/>
  <i image="attack1.info.ball_1.png" delay="120" x="-49" y="-45"/>
  <i image="attack1.info.ball_2.png" delay="120" x="-49" y="-45"/>
  <i image="attack1_0.png" delay="120" x="-311" y="-337"/>
  <i image="attack1_1.png" delay="120" x="-311" y="-337"/>
  <i image="attack1_2.png" delay="120" x="-311" y="-337"/>
  <i image="attack1_3.png" delay="120" x="-311" y="-337"/>
  <i image="attack1_4.png" delay="120" x="-311" y="-337"/>
  <i image="attack1_5.png" delay="120" x="-311" y="-337"/>
  <i image="attack1_6.png" delay="120" x="-311" y="-337"/>
  <i image="attack1_7.png" delay="120" x="-311" y="-337"/>
  <i image="attack1_8.png" delay="120" x="-311" y="-337"/>
  <i image="attack1_9.png" delay="120" x="-311" y="-337"/>
  <i image="attack3.info.hit_0.png" delay="90" x="-67" y="-95"/>
  <i image="attack3.info.hit_1.png" delay="90" x="-67" y="-95"/>
  <i image="attack3.info.hit_2.png" delay="90" x="-67" y="-95"/>
  <i image="attack3.info.hit_3.png" delay="90" x="-67" y="-95"/>
  <i image="attack3.info.hit_4.png" delay="90" x="-67" y="-95"/>
  <i image="attack3_0.png" delay="120" x="-644" y="-343"/>
  <i image="attack3_1.png" delay="120" x="-644" y="-343"/>
  <i image="attack3_2.png" delay="120" x="-644" y="-343"/>
  <i image="attack3_3.png" delay="120" x="-644" y="-343"/>
  <i image="attack3_4.png" delay="120" x="-644" y="-343"/>
  <i image="attack3_5.png" delay="120" x="-644" y="-343"/>
  <i image="attack3_6.png" delay="120" x="-644" y="-343"/>
  <i image="attack3_7.png" delay="120" x="-644" y="-343"/>
  <i image="attack3_8.png" delay="120" x="-644" y="-343"/>
  <i image="attack3_9.png" delay="120" x="-644" y="-343"/>
  <i image="attack3_10.png" delay="120" x="-644" y="-343"/>
  <i image="attack3_11.png" delay="120" x="-644" y="-343"/>
  <i image="attack3_12.png" delay="120" x="-644" y="-343"/>
  <i image="attack3_13.png" delay="120" x="-644" y="-343"/>
  <i image="attack3_14.png" delay="120" x="-644" y="-343"/>
  <i image="attack3_15.png" delay="120" x="-644" y="-343"/>
  <i image="attack3_16.png" delay="120" x="-644" y="-343"/>
  <i image="attack3_17.png" delay="120" x="-644" y="-343"/>
  <i image="attack3_18.png" delay="120" x="-644" y="-343"/>
  <i image="attack2.info.hit_0.png" delay="90" x="-59" y="-111"/>
  <i image="attack2.info.hit_1.png" delay="90" x="-59" y="-111"/>
  <i image="attack2.info.hit_2.png" delay="90" x="-59" y="-111"/>
  <i image="attack2.info.hit_3.png" delay="90" x="-59" y="-111"/>
  <i image="attack2.info.hit_4.png" delay="90" x="-59" y="-111"/>
  <i image="attack2.info.hit_5.png" delay="90" x="-59" y="-111"/>
  <i image="attack2.info.hit_6.png" delay="90" x="-59" y="-111"/>
  <i image="attack2.info.hit_7.png" delay="90" x="-59" y="-111"/>
  <i image="attack2.info.hit_8.png" delay="90" x="-59" y="-111"/>
  <i image="attack2.info.hit_9.png" delay="90" x="-59" y="-111"/>
  <i image="attack2.info.hit_10.png" delay="90" x="-59" y="-111"/>
  <i image="attack2.info.hit_11.png" delay="90" x="-59" y="-111"/>
  <i image="attack2.info.hit_12.png" delay="90" x="-59" y="-111"/>
  <i image="attack2.info.hit_13.png" delay="90" x="-59" y="-111"/>
  <i image="attack2.info.hit_14.png" delay="90" x="-59" y="-111"/>
  <i image="attack2_0.png" delay="150" x="-1018" y="-430"/>
  <i image="attack2_1.png" delay="150" x="-1018" y="-430"/>
  <i image="attack2_2.png" delay="150" x="-1018" y="-430"/>
  <i image="attack2_3.png" delay="150" x="-1018" y="-430"/>
  <i image="attack2_4.png" delay="150" x="-1018" y="-430"/>
  <i image="attack2_5.png" delay="150" x="-1018" y="-430"/>
  <i image="attack2_6.png" delay="150" x="-1018" y="-430"/>
  <i image="attack2_7.png" delay="150" x="-1018" y="-430"/>
  <i image="attack2_8.png" delay="150" x="-1018" y="-430"/>
  <i image="attack2_9.png" delay="150" x="-1018" y="-430"/>
  <i image="attack2_10.png" delay="150" x="-1018" y="-430"/>
  <i image="attack2_11.png" delay="150" x="-1018" y="-430"/>
  <i image="attack2_12.png" delay="150" x="-1018" y="-430"/>
  <i image="attack2_13.png" delay="150" x="-1018" y="-430"/>
  <i image="attack2_14.png" delay="150" x="-1018" y="-430"/>
  <i image="attack2_15.png" delay="150" x="-1018" y="-430"/>
  <i image="attack2_16.png" delay="90" x="-1018" y="-430"/>
  <i image="attack2_17.png" delay="90" x="-1018" y="-430"/>
  <i image="attack2_18.png" delay="90" x="-1018" y="-430"/>
  <i image="attack2_19.png" delay="90" x="-1018" y="-430"/>
  <i image="skill1_0.png" delay="120" x="-228" y="-386"/>
  <i image="skill1_1.png" delay="120" x="-228" y="-386"/>
  <i image="skill1_2.png" delay="120" x="-228" y="-386"/>
  <i image="skill1_3.png" delay="120" x="-228" y="-386"/>
  <i image="skill1_4.png" delay="120" x="-228" y="-386"/>
  <i image="skill1_5.png" delay="120" x="-228" y="-386"/>
  <i image="skill1_6.png" delay="120" x="-228" y="-386"/>
  <i image="skill1_7.png" delay="120" x="-228" y="-386"/>
  <i image="skill1_8.png" delay="120" x="-228" y="-386"/>
  <i image="skill1_9.png" delay="120" x="-228" y="-386"/>
  <i image="skill1_10.png" delay="120" x="-228" y="-386"/>
  <i image="skill1_11.png" delay="120" x="-228" y="-386"/>
  <i image="skill1_12.png" delay="120" x="-228" y="-386"/>
  <i image="skill1_13.png" delay="120" x="-228" y="-386"/>
  <i image="skill1_14.png" delay="120" x="-228" y="-386"/>
  <i image="skill1_15.png" delay="120" x="-228" y="-386"/>
  <i image="skill1_16.png" delay="200" x="-228" y="-386"/>
  <i image="skill1_17.png" delay="200" x="-228" y="-386"/>
  <i image="skill1_18.png" delay="200" x="-228" y="-386"/>
  <i image="skill1_19.png" delay="200" x="-228" y="-386"/>
  <i image="skill1_20.png" delay="200" x="-228" y="-386"/>
  <i image="skill1_21.png" delay="200" x="-228" y="-386"/>
  <i image="skill1_22.png" delay="200" x="-228" y="-386"/>
  <i image="skill1_23.png" delay="200" x="-228" y="-386"/>
  <i image="skill1_24.png" delay="200" x="-228" y="-386"/>
  <i image="skill1_25.png" delay="200" x="-228" y="-386"/>
  <i image="skill1_26.png" delay="200" x="-228" y="-386"/>
  <i image="skill1_27.png" delay="200" x="-228" y="-386"/>
  <i image="skill1_28.png" delay="200" x="-228" y="-386"/>
  <i image="skill1_29.png" delay="200" x="-228" y="-386"/>
  <i image="skill1_30.png" delay="200" x="-228" y="-386"/>
  <i image="skill1_31.png" delay="200" x="-228" y="-386"/>
  <i image="skill1_32.png" delay="200" x="-228" y="-386"/>
  <i image="skill1_33.png" delay="200" x="-228" y="-386"/>
  <i image="skill1_34.png" delay="200" x="-228" y="-386"/>
  <i image="skill1_35.png" delay="200" x="-228" y="-386"/>
  <i image="skill1_36.png" delay="200" x="-228" y="-386"/>
  <i image="skill1_37.png" delay="200" x="-228" y="-386"/>
  <i image="skill1_38.png" delay="200" x="-228" y="-386"/>
  <i image="skill1_39.png" delay="200" x="-228" y="-386"/>
  <i image="skill1_40.png" delay="200" x="-228" y="-386"/>
  <i image="skill1_41.png" delay="200" x="-228" y="-386"/>
  <i image="skill1_42.png" delay="200" x="-228" y="-386"/>
  <i image="skill1_43.png" delay="200" x="-228" y="-386"/>
  <i image="skill1_44.png" delay="200" x="-228" y="-386"/>
  <i image="skill1_45.png" delay="200" x="-228" y="-386"/>
  <i image="skill2_0.png" delay="120" x="-227" y="-400"/>
  <i image="skill2_1.png" delay="120" x="-227" y="-400"/>
  <i image="skill2_2.png" delay="120" x="-227" y="-400"/>
  <i image="skill2_3.png" delay="120" x="-227" y="-400"/>
  <i image="skill2_4.png" delay="120" x="-227" y="-400"/>
  <i image="skill2_5.png" delay="120" x="-227" y="-400"/>
  <i image="skill2_6.png" delay="120" x="-227" y="-400"/>
  <i image="skill2_7.png" delay="120" x="-227" y="-400"/>
  <i image="skill2_8.png" delay="120" x="-227" y="-400"/>
  <i image="skill2_9.png" delay="120" x="-227" y="-400"/>
  <i image="skill2_10.png" delay="120" x="-227" y="-400"/>
  <i image="skill2_11.png" delay="120" x="-227" y="-400"/>
  <i image="skill2_12.png" delay="120" x="-227" y="-400"/>
  <i image="skill2_13.png" delay="120" x="-227" y="-400"/>
  <i image="skill2_14.png" delay="120" x="-227" y="-400"/>
  <i image="skill2_15.png" delay="120" x="-227" y="-400"/>
  <i image="skill3_0.png" delay="120" x="-228" y="-386"/>
  <i image="skill3_1.png" delay="120" x="-228" y="-386"/>
  <i image="skill3_2.png" delay="120" x="-228" y="-386"/>
  <i image="skill3_3.png" delay="120" x="-228" y="-386"/>
  <i image="skill3_4.png" delay="120" x="-228" y="-386"/>
  <i image="skill3_5.png" delay="120" x="-228" y="-386"/>
  <i image="skill3_6.png" delay="120" x="-228" y="-386"/>
  <i image="skill3_7.png" delay="120" x="-228" y="-386"/>
  <i image="skill3_8.png" delay="120" x="-228" y="-386"/>
  <i image="skill3_9.png" delay="120" x="-228" y="-386"/>
  <i image="skill3_10.png" delay="120" x="-228" y="-386"/>
  <i image="skill3_11.png" delay="120" x="-228" y="-386"/>
  <i image="skill3_12.png" delay="120" x="-228" y="-386"/>
  <i image="skill3_13.png" delay="120" x="-228" y="-386"/>
  <i image="skill3_14.png" delay="120" x="-228" y="-386"/>
  <i image="skill3_15.png" delay="120" x="-228" y="-386"/>
  <i image="skill4_0.png" delay="120" x="-227" y="-400"/>
  <i image="skill4_1.png" delay="120" x="-227" y="-400"/>
  <i image="skill4_2.png" delay="120" x="-227" y="-400"/>
  <i image="skill4_3.png" delay="120" x="-227" y="-400"/>
  <i image="skill4_4.png" delay="120" x="-227" y="-400"/>
  <i image="skill4_5.png" delay="120" x="-227" y="-400"/>
  <i image="skill4_6.png" delay="120" x="-227" y="-400"/>
  <i image="skill4_7.png" delay="120" x="-227" y="-400"/>
  <i image="skill4_8.png" delay="120" x="-227" y="-400"/>
  <i image="skill4_9.png" delay="120" x="-227" y="-400"/>
  <i image="skill4_10.png" delay="120" x="-227" y="-400"/>
  <i image="skill4_11.png" delay="120" x="-227" y="-400"/>
  <i image="skill4_12.png" delay="120" x="-227" y="-400"/>
  <i image="skill4_13.png" delay="120" x="-227" y="-400"/>
  <i image="skill4_14.png" delay="120" x="-227" y="-400"/>
  <i image="skill4_15.png" delay="120" x="-227" y="-400"/>
  <i image="hit_0.png" delay="500" x="-178" y="-337"/>
  <i image="die1_0.png" delay="150" x="-193" y="-327"/>
  <i image="die1_1.png" delay="150" x="-193" y="-327"/>
  <i image="die1_2.png" delay="150" x="-193" y="-327"/>
  <i image="die1_3.png" delay="150" x="-193" y="-327"/>
  <i image="die1_4.png" delay="150" x="-193" y="-327"/>
  <i image="die1_5.png" delay="150" x="-193" y="-327"/>
  <i image="die1_6.png" delay="150" x="-193" y="-327"/>
  <i image="die1_7.png" delay="150" x="-193" y="-327"/>
  <i image="die1_8.png" delay="150" x="-193" y="-327"/>
  <i image="die1_9.png" delay="150" x="-193" y="-327"/>
  <i image="die1_10.png" delay="150" x="-193" y="-327"/>
  <i image="die1_11.png" delay="150" x="-193" y="-327"/>
  <i image="die1_12.png" delay="150" x="-193" y="-327"/>
  <i image="die1_13.png" delay="150" x="-193" y="-327"/>
  <i image="die1_14.png" delay="150" x="-193" y="-327"/>
  <i image="die1_15.png" delay="150" x="-193" y="-327"/>
  <i image="die1_16.png" delay="150" x="-193" y="-327"/>
  <i image="die1_17.png" delay="150" x="-193" y="-327"/>
  <i image="die1_18.png" delay="150" x="-193" y="-327"/>
  <i image="die1_19.png" delay="150" x="-193" y="-327"/>
  <i image="die1_20.png" delay="150" x="-193" y="-327"/>
  <i image="die1_21.png" delay="150" x="-193" y="-327"/>
  <i image="die1_22.png" delay="150" x="-193" y="-327"/>
  <i image="die1_23.png" delay="150" x="-193" y="-327"/>
  <i image="die1_24.png" delay="600" x="-193" y="-327"/>
  <i image="regen_0.png" delay="120" x="-192" y="-327"/>
  <i image="regen_1.png" delay="120" x="-192" y="-327"/>
  <i image="regen_2.png" delay="120" x="-192" y="-327"/>
  <i image="regen_3.png" delay="120" x="-192" y="-327"/>
  <i image="regen_4.png" delay="120" x="-192" y="-327"/>
  <i image="regen_5.png" delay="120" x="-192" y="-327"/>
</i>