<i>
  <i image="0_0.png" delay="100" x="-105" y="-98"/>
  <i image="1_0.png" delay="100" x="-99" y="-98"/>
  <i image="2_0.png" delay="100" x="-104" y="-98"/>
  <i image="3_0.png" delay="100" x="-102" y="-98"/>
  <i image="4_0.png" delay="100" x="-106" y="-98"/>
  <i image="5_0.png" delay="100" x="-104" y="-98"/>
  <i image="6_0.png" delay="100" x="-104" y="-98"/>
  <i image="7_0.png" delay="100" x="-103" y="-98"/>
  <i image="8_0.png" delay="100" x="-104" y="-98"/>
  <i image="9_0.png" delay="100" x="-104" y="-98"/>
</i>