<i>
  <i image="NoKite1_0.png" delay="100" x="-14" y="-28"/>
  <i image="NoKite1_1.png" delay="100" x="-14" y="-28"/>
  <i image="NoKite1_2.png" delay="100" x="-14" y="-28"/>
  <i image="NoKite1_3.png" delay="100" x="-14" y="-28"/>
  <i image="NoKite1_4.png" delay="100" x="-14" y="-28"/>
  <i image="NoKite1_5.png" delay="100" x="-14" y="-28"/>
  <i image="NoKite1_6.png" delay="100" x="-14" y="-28"/>
  <i image="NoKite1_7.png" delay="100" x="-14" y="-28"/>
  <i image="NoKite1_8.png" delay="100" x="-14" y="-28"/>
  <i image="NoKite1_9.png" delay="100" x="-14" y="-28"/>
  <i image="NoKite1_10.png" delay="100" x="-14" y="-28"/>
</i>