<i>
  <i image="walk2_0.png" delay="180" x="-62" y="-95"/>
  <i image="walk2_1.png" delay="180" x="-62" y="-95"/>
  <i image="walk2_2.png" delay="180" x="-62" y="-95"/>
  <i image="walk2_3.png" delay="180" x="-62" y="-95"/>
  <i image="stand2_0.png" delay="500" x="-59" y="-95"/>
  <i image="stand2_1.png" delay="500" x="-59" y="-95"/>
  <i image="stand2_2.png" delay="500" x="-59" y="-95"/>
  <i image="stand2_3.png" delay="500" x="-59" y="-95"/>
  <i image="stand2_4.png" delay="500" x="-59" y="-95"/>
  <i image="alert_0.png" delay="500" x="-28" y="-94"/>
  <i image="alert_1.png" delay="500" x="-28" y="-94"/>
  <i image="alert_2.png" delay="500" x="-28" y="-94"/>
  <i image="alert_3.png" delay="500" x="-28" y="-94"/>
  <i image="alert_4.png" delay="500" x="-28" y="-94"/>
  <i image="swingT2_0.png" delay="300" x="-70" y="-111"/>
  <i image="swingT2_1.png" delay="150" x="-70" y="-111"/>
  <i image="swingT2_2.png" delay="350" x="-70" y="-111"/>
  <i image="swingP1_0.png" delay="300" x="-86" y="-97"/>
  <i image="swingP1_1.png" delay="150" x="-86" y="-97"/>
  <i image="swingP1_2.png" delay="350" x="-86" y="-97"/>
  <i image="swingP2_0.png" delay="300" x="-66" y="-95"/>
  <i image="swingP2_1.png" delay="150" x="-66" y="-95"/>
  <i image="swingP2_2.png" delay="350" x="-66" y="-95"/>
  <i image="swingPF_0.png" delay="100" x="-73" y="-121"/>
  <i image="swingPF_1.png" delay="200" x="-73" y="-121"/>
  <i image="swingPF_2.png" delay="200" x="-73" y="-121"/>
  <i image="swingPF_3.png" delay="200" x="-73" y="-121"/>
  <i image="stabT1_0.png" delay="300" x="-17" y="-91"/>
  <i image="stabT1_1.png" delay="100" x="-17" y="-91"/>
  <i image="stabT1_2.png" delay="350" x="-17" y="-91"/>
  <i image="stabT2_0.png" delay="300" x="-23" y="-92"/>
  <i image="stabT2_1.png" delay="100" x="-23" y="-92"/>
  <i image="stabT2_2.png" delay="350" x="-23" y="-92"/>
  <i image="stabTF_0.png" delay="100" x="-21" y="-121"/>
  <i image="stabTF_1.png" delay="200" x="-21" y="-121"/>
  <i image="stabTF_2.png" delay="200" x="-21" y="-121"/>
  <i image="stabTF_3.png" delay="200" x="-21" y="-121"/>
  <i image="proneStab_0.png" delay="300" x="-16" y="-67"/>
  <i image="proneStab_1.png" delay="400" x="-16" y="-67"/>
  <i image="prone_0.png" delay="100" x="-16" y="-67"/>
  <i image="fly_0.png" delay="300" x="-66" y="-100"/>
  <i image="fly_1.png" delay="300" x="-66" y="-100"/>
  <i image="jump_0.png" delay="200" x="-65" y="-93"/>
  <i image="sit_0.png" delay="100" x="-31" y="-91"/>
  <i image="ladder_0.png" delay="250" x="-34" y="-93"/>
  <i image="ladder_1.png" delay="250" x="-34" y="-93"/>
  <i image="rope_0.png" delay="250" x="-33" y="-96"/>
  <i image="rope_1.png" delay="250" x="-33" y="-96"/>
</i>