<i>
  <i image="move_0.png" delay="280" x="-61" y="-88"/>
  <i image="move_1.png" delay="280" x="-61" y="-88"/>
  <i image="move_2.png" delay="280" x="-61" y="-88"/>
  <i image="move_3.png" delay="280" x="-61" y="-88"/>
  <i image="stand_0.png" delay="280" x="-62" y="-86"/>
  <i image="stand_1.png" delay="280" x="-62" y="-86"/>
  <i image="stand_2.png" delay="280" x="-62" y="-86"/>
  <i image="stand_3.png" delay="280" x="-62" y="-86"/>
  <i image="attack1.info.hit_0.png" delay="100" x="-52" y="-93"/>
  <i image="attack1.info.hit_1.png" delay="100" x="-52" y="-93"/>
  <i image="attack1_0.png" delay="150" x="-78" y="-101"/>
  <i image="attack1_1.png" delay="150" x="-78" y="-101"/>
  <i image="attack1_2.png" delay="150" x="-78" y="-101"/>
  <i image="attack1_3.png" delay="150" x="-78" y="-101"/>
  <i image="attack1_4.png" delay="280" x="-78" y="-101"/>
  <i image="attack1_5.png" delay="280" x="-78" y="-101"/>
  <i image="attack1_6.png" delay="280" x="-78" y="-101"/>
  <i image="attack1_7.png" delay="280" x="-78" y="-101"/>
  <i image="hit1_0.png" delay="600" x="-40" y="-89"/>
  <i image="die1_0.png" delay="150" x="-61" y="-86"/>
  <i image="die1_1.png" delay="150" x="-61" y="-86"/>
  <i image="die1_2.png" delay="150" x="-61" y="-86"/>
  <i image="die1_3.png" delay="150" x="-61" y="-86"/>
  <i image="die1_4.png" delay="150" x="-61" y="-86"/>
  <i image="die1_5.png" delay="300" x="-61" y="-86"/>
</i>