<i>
  <i image="move_0.png" delay="180" x="-66" y="-126"/>
  <i image="move_1.png" delay="180" x="-66" y="-126"/>
  <i image="move_2.png" delay="180" x="-66" y="-126"/>
  <i image="move_3.png" delay="180" x="-66" y="-126"/>
  <i image="move_4.png" delay="180" x="-66" y="-126"/>
  <i image="move_5.png" delay="180" x="-66" y="-126"/>
  <i image="stand_0.png" delay="180" x="-67" y="-124"/>
  <i image="stand_1.png" delay="180" x="-67" y="-124"/>
  <i image="stand_2.png" delay="180" x="-67" y="-124"/>
  <i image="stand_3.png" delay="180" x="-67" y="-124"/>
  <i image="stand_4.png" delay="180" x="-67" y="-124"/>
  <i image="stand_5.png" delay="180" x="-67" y="-124"/>
  <i image="attack1.info.hit_0.png" delay="100" x="-48" y="-104"/>
  <i image="attack1.info.hit_1.png" delay="100" x="-48" y="-104"/>
  <i image="attack1.info.hit_2.png" delay="100" x="-48" y="-104"/>
  <i image="attack1_0.png" delay="100" x="-116" y="-133"/>
  <i image="attack1_1.png" delay="100" x="-116" y="-133"/>
  <i image="attack1_2.png" delay="100" x="-116" y="-133"/>
  <i image="attack1_3.png" delay="100" x="-116" y="-133"/>
  <i image="attack1_4.png" delay="100" x="-116" y="-133"/>
  <i image="attack1_5.png" delay="100" x="-116" y="-133"/>
  <i image="attack1_6.png" delay="100" x="-116" y="-133"/>
  <i image="attack1_7.png" delay="100" x="-116" y="-133"/>
  <i image="attack1_8.png" delay="100" x="-116" y="-133"/>
  <i image="attack1_9.png" delay="100" x="-116" y="-133"/>
  <i image="attack1_10.png" delay="100" x="-116" y="-133"/>
  <i image="attack1_11.png" delay="100" x="-116" y="-133"/>
  <i image="attack1_12.png" delay="100" x="-116" y="-133"/>
  <i image="skill1_0.png" delay="100" x="-102" y="-163"/>
  <i image="skill1_1.png" delay="100" x="-102" y="-163"/>
  <i image="skill1_2.png" delay="100" x="-102" y="-163"/>
  <i image="skill1_3.png" delay="100" x="-102" y="-163"/>
  <i image="skill1_4.png" delay="100" x="-102" y="-163"/>
  <i image="skill1_5.png" delay="100" x="-102" y="-163"/>
  <i image="skill1_6.png" delay="100" x="-102" y="-163"/>
  <i image="skill1_7.png" delay="100" x="-102" y="-163"/>
  <i image="skill1_8.png" delay="100" x="-102" y="-163"/>
  <i image="skill1_9.png" delay="100" x="-102" y="-163"/>
  <i image="skill1_10.png" delay="100" x="-102" y="-163"/>
  <i image="hit1_0.png" delay="600" x="-68" y="-129"/>
  <i image="die1_0.png" delay="100" x="-74" y="-129"/>
  <i image="die1_1.png" delay="100" x="-74" y="-129"/>
  <i image="die1_2.png" delay="100" x="-74" y="-129"/>
  <i image="die1_3.png" delay="100" x="-74" y="-129"/>
  <i image="die1_4.png" delay="100" x="-74" y="-129"/>
  <i image="die1_5.png" delay="100" x="-74" y="-129"/>
  <i image="die1_6.png" delay="300" x="-74" y="-129"/>
  <i image="die1_7.png" delay="100" x="-74" y="-129"/>
  <i image="die1_8.png" delay="100" x="-74" y="-129"/>
</i>