<i>
  <i image="level.1.mob_0.png" delay="70" x="-19" y="-30"/>
  <i image="level.1.mob_1.png" delay="70" x="-19" y="-30"/>
  <i image="level.1.mob_2.png" delay="70" x="-19" y="-30"/>
  <i image="level.1.mob_3.png" delay="70" x="-19" y="-30"/>
  <i image="level.1.mob_4.png" delay="70" x="-19" y="-30"/>
  <i image="level.2.mob_0.png" delay="70" x="-19" y="-30"/>
  <i image="level.2.mob_1.png" delay="70" x="-19" y="-30"/>
  <i image="level.2.mob_2.png" delay="70" x="-19" y="-30"/>
  <i image="level.2.mob_3.png" delay="70" x="-19" y="-30"/>
  <i image="level.2.mob_4.png" delay="70" x="-19" y="-30"/>
</i>