<i>
  <i image="move_0.png" delay="100" x="-210" y="-211"/>
  <i image="move_1.png" delay="100" x="-210" y="-211"/>
  <i image="move_2.png" delay="100" x="-210" y="-211"/>
  <i image="move_3.png" delay="100" x="-210" y="-211"/>
  <i image="move_4.png" delay="100" x="-210" y="-211"/>
  <i image="move_5.png" delay="100" x="-210" y="-211"/>
  <i image="stand_0.png" delay="100" x="-189" y="-210"/>
  <i image="stand_1.png" delay="100" x="-189" y="-210"/>
  <i image="stand_2.png" delay="100" x="-189" y="-210"/>
  <i image="stand_3.png" delay="100" x="-189" y="-210"/>
  <i image="stand_4.png" delay="100" x="-189" y="-210"/>
  <i image="stand_5.png" delay="100" x="-189" y="-210"/>
  <i image="attack1_0.png" delay="150" x="-405" y="-282"/>
  <i image="attack1_1.png" delay="1300" x="-405" y="-282"/>
  <i image="attack1_2.png" delay="100" x="-405" y="-282"/>
  <i image="attack1_3.png" delay="100" x="-405" y="-282"/>
  <i image="attack1_4.png" delay="100" x="-405" y="-282"/>
  <i image="attack1_5.png" delay="100" x="-405" y="-282"/>
  <i image="attack1.info.hit_0.png" delay="100" x="-75" y="-72"/>
  <i image="attack1.info.hit_1.png" delay="100" x="-75" y="-72"/>
  <i image="attack1.info.hit_2.png" delay="100" x="-75" y="-72"/>
  <i image="attack1.info.hit_3.png" delay="100" x="-75" y="-72"/>
  <i image="attack2.info.hit_0.png" delay="100" x="-87" y="-77"/>
  <i image="attack2.info.hit_1.png" delay="100" x="-87" y="-77"/>
  <i image="attack2.info.hit_2.png" delay="100" x="-87" y="-77"/>
  <i image="attack2.info.hit_3.png" delay="100" x="-87" y="-77"/>
  <i image="attack2.info.hit_4.png" delay="100" x="-87" y="-77"/>
  <i image="attack2_0.png" delay="100" x="-405" y="-332"/>
  <i image="attack2_1.png" delay="100" x="-405" y="-332"/>
  <i image="attack2_2.png" delay="200" x="-405" y="-332"/>
  <i image="attack2_3.png" delay="1300" x="-405" y="-332"/>
  <i image="attack2_4.png" delay="200" x="-405" y="-332"/>
  <i image="attack2_5.png" delay="100" x="-405" y="-332"/>
  <i image="attack2_6.png" delay="100" x="-405" y="-332"/>
  <i image="attack2_7.png" delay="100" x="-405" y="-332"/>
  <i image="attack2_8.png" delay="100" x="-405" y="-332"/>
  <i image="attack2_9.png" delay="100" x="-405" y="-332"/>
  <i image="attack2_10.png" delay="100" x="-405" y="-332"/>
  <i image="attack2_11.png" delay="100" x="-405" y="-332"/>
  <i image="attack3.info.hit_0.png" delay="100" x="-61" y="-61"/>
  <i image="attack3.info.hit_1.png" delay="100" x="-61" y="-61"/>
  <i image="attack3.info.hit_2.png" delay="100" x="-61" y="-61"/>
  <i image="attack3.info.hit_3.png" delay="100" x="-61" y="-61"/>
  <i image="attack3_0.png" delay="150" x="-579" y="-221"/>
  <i image="attack3_1.png" delay="150" x="-579" y="-221"/>
  <i image="attack3_2.png" delay="150" x="-579" y="-221"/>
  <i image="attack3_3.png" delay="150" x="-579" y="-221"/>
  <i image="attack3_4.png" delay="1500" x="-579" y="-221"/>
  <i image="attack3_5.png" delay="150" x="-579" y="-221"/>
  <i image="attack3_6.png" delay="100" x="-579" y="-221"/>
  <i image="attack3_7.png" delay="100" x="-579" y="-221"/>
  <i image="attack3_8.png" delay="100" x="-579" y="-221"/>
  <i image="attack3_9.png" delay="100" x="-579" y="-221"/>
  <i image="hit1_0.png" delay="80" x="-189" y="-201"/>
  <i image="die1_0.png" delay="100" x="-216" y="-239"/>
  <i image="die1_1.png" delay="100" x="-216" y="-239"/>
  <i image="die1_2.png" delay="100" x="-216" y="-239"/>
  <i image="die1_3.png" delay="100" x="-216" y="-239"/>
  <i image="die1_4.png" delay="300" x="-216" y="-239"/>
  <i image="die1_5.png" delay="80" x="-216" y="-239"/>
  <i image="die1_6.png" delay="80" x="-216" y="-239"/>
  <i image="die1_7.png" delay="80" x="-216" y="-239"/>
  <i image="die1_8.png" delay="80" x="-216" y="-239"/>
  <i image="die1_9.png" delay="80" x="-216" y="-239"/>
  <i image="die1_10.png" delay="80" x="-216" y="-239"/>
</i>