<i>
  <i image="0.swingT2.2_0.png" delay="200" x="-34" y="-135"/>
  <i image="0.swingP1.2_0.png" delay="200" x="-20" y="-129"/>
  <i image="0.swingP2.2_0.png" delay="200" x="-37" y="-131"/>
  <i image="0.swingPF.3_0.png" delay="200" x="-9" y="-132"/>
  <i image="0.stabT1.2_0.png" delay="30" x="24" y="-41"/>
  <i image="0.stabT1.2_1.png" delay="200" x="24" y="-41"/>
  <i image="0.stabT2.2_0.png" delay="30" x="12" y="-54"/>
  <i image="0.stabT2.2_1.png" delay="200" x="12" y="-54"/>
  <i image="0.stabTF.3_0.png" delay="30" x="-3" y="-44"/>
  <i image="0.stabTF.3_1.png" delay="200" x="-3" y="-44"/>
  <i image="0.proneStab.1_0.png" delay="30" x="12" y="-26"/>
  <i image="0.proneStab.1_1.png" delay="200" x="12" y="-26"/>
  <i image="1.swingT2.2_0.png" delay="200" x="-34" y="-135"/>
  <i image="1.swingP1.2_0.png" delay="200" x="-20" y="-129"/>
  <i image="1.swingP2.2_0.png" delay="200" x="-37" y="-131"/>
  <i image="1.swingPF.3_0.png" delay="200" x="-9" y="-132"/>
  <i image="1.stabT1.2_0.png" delay="30" x="24" y="-41"/>
  <i image="1.stabT1.2_1.png" delay="200" x="24" y="-41"/>
  <i image="1.stabT2.2_0.png" delay="30" x="12" y="-54"/>
  <i image="1.stabT2.2_1.png" delay="200" x="12" y="-54"/>
  <i image="1.stabTF.3_0.png" delay="30" x="-3" y="-44"/>
  <i image="1.stabTF.3_1.png" delay="200" x="-3" y="-44"/>
  <i image="1.proneStab.1_0.png" delay="30" x="12" y="-26"/>
  <i image="1.proneStab.1_1.png" delay="200" x="12" y="-26"/>
  <i image="2.swingT2.2_0.png" delay="200" x="-34" y="-135"/>
  <i image="2.swingP1.2_0.png" delay="200" x="-20" y="-129"/>
  <i image="2.swingP2.2_0.png" delay="200" x="-37" y="-131"/>
  <i image="2.swingPF.3_0.png" delay="200" x="-9" y="-132"/>
  <i image="2.stabT1.2_0.png" delay="30" x="24" y="-41"/>
  <i image="2.stabT1.2_1.png" delay="200" x="24" y="-41"/>
  <i image="2.stabT2.2_0.png" delay="30" x="12" y="-54"/>
  <i image="2.stabT2.2_1.png" delay="200" x="12" y="-54"/>
  <i image="2.stabTF.3_0.png" delay="30" x="-3" y="-44"/>
  <i image="2.stabTF.3_1.png" delay="200" x="-3" y="-44"/>
  <i image="2.proneStab.1_0.png" delay="30" x="12" y="-26"/>
  <i image="2.proneStab.1_1.png" delay="200" x="12" y="-26"/>
  <i image="3.swingT2.2_0.png" delay="200" x="-34" y="-135"/>
  <i image="3.swingP1.2_0.png" delay="200" x="-20" y="-129"/>
  <i image="3.swingP2.2_0.png" delay="200" x="-37" y="-131"/>
  <i image="3.swingPF.3_0.png" delay="200" x="-9" y="-132"/>
  <i image="3.stabT1.2_0.png" delay="30" x="24" y="-41"/>
  <i image="3.stabT1.2_1.png" delay="200" x="24" y="-41"/>
  <i image="3.stabT2.2_0.png" delay="30" x="12" y="-54"/>
  <i image="3.stabT2.2_1.png" delay="200" x="12" y="-54"/>
  <i image="3.stabTF.3_0.png" delay="30" x="-3" y="-44"/>
  <i image="3.stabTF.3_1.png" delay="200" x="-3" y="-44"/>
  <i image="3.proneStab.1_0.png" delay="30" x="12" y="-26"/>
  <i image="3.proneStab.1_1.png" delay="200" x="12" y="-26"/>
  <i image="4.swingT2.2_0.png" delay="200" x="-34" y="-135"/>
  <i image="4.swingP1.2_0.png" delay="200" x="-20" y="-129"/>
  <i image="4.swingP2.2_0.png" delay="200" x="-37" y="-131"/>
  <i image="4.swingPF.3_0.png" delay="200" x="-9" y="-132"/>
  <i image="4.stabT1.2_0.png" delay="30" x="24" y="-41"/>
  <i image="4.stabT1.2_1.png" delay="200" x="24" y="-41"/>
  <i image="4.stabT2.2_0.png" delay="30" x="12" y="-54"/>
  <i image="4.stabT2.2_1.png" delay="200" x="12" y="-54"/>
  <i image="4.stabTF.3_0.png" delay="30" x="-3" y="-44"/>
  <i image="4.stabTF.3_1.png" delay="200" x="-3" y="-44"/>
  <i image="4.proneStab.1_0.png" delay="30" x="12" y="-26"/>
  <i image="4.proneStab.1_1.png" delay="200" x="12" y="-26"/>
  <i image="5.swingT2.2_0.png" delay="200" x="-34" y="-135"/>
  <i image="5.swingP1.2_0.png" delay="200" x="-20" y="-129"/>
  <i image="5.swingP2.2_0.png" delay="200" x="-37" y="-131"/>
  <i image="5.swingPF.3_0.png" delay="200" x="-9" y="-132"/>
  <i image="5.stabT1.2_0.png" delay="30" x="24" y="-41"/>
  <i image="5.stabT1.2_1.png" delay="200" x="24" y="-41"/>
  <i image="5.stabT2.2_0.png" delay="30" x="12" y="-54"/>
  <i image="5.stabT2.2_1.png" delay="200" x="12" y="-54"/>
  <i image="5.stabTF.3_0.png" delay="30" x="-3" y="-44"/>
  <i image="5.stabTF.3_1.png" delay="200" x="-3" y="-44"/>
  <i image="5.proneStab.1_0.png" delay="30" x="12" y="-26"/>
  <i image="5.proneStab.1_1.png" delay="200" x="12" y="-26"/>
  <i image="6.swingT2.2_0.png" delay="200" x="-34" y="-135"/>
  <i image="6.swingP1.2_0.png" delay="200" x="-20" y="-129"/>
  <i image="6.swingP2.2_0.png" delay="200" x="-37" y="-131"/>
  <i image="6.swingPF.3_0.png" delay="200" x="-9" y="-132"/>
  <i image="6.stabT1.2_0.png" delay="30" x="24" y="-41"/>
  <i image="6.stabT1.2_1.png" delay="200" x="24" y="-41"/>
  <i image="6.stabT2.2_0.png" delay="30" x="12" y="-54"/>
  <i image="6.stabT2.2_1.png" delay="200" x="12" y="-54"/>
  <i image="6.stabTF.3_0.png" delay="30" x="-3" y="-44"/>
  <i image="6.stabTF.3_1.png" delay="200" x="-3" y="-44"/>
  <i image="6.proneStab.1_0.png" delay="30" x="12" y="-26"/>
  <i image="6.proneStab.1_1.png" delay="200" x="12" y="-26"/>
  <i image="7.swingT2.2_0.png" delay="200" x="-34" y="-135"/>
  <i image="7.swingP1.2_0.png" delay="200" x="-20" y="-129"/>
  <i image="7.swingP2.2_0.png" delay="200" x="-37" y="-131"/>
  <i image="7.swingPF.3_0.png" delay="200" x="-9" y="-132"/>
  <i image="7.stabT1.2_0.png" delay="30" x="24" y="-41"/>
  <i image="7.stabT1.2_1.png" delay="200" x="24" y="-41"/>
  <i image="7.stabT2.2_0.png" delay="30" x="12" y="-54"/>
  <i image="7.stabT2.2_1.png" delay="200" x="12" y="-54"/>
  <i image="7.stabTF.3_0.png" delay="30" x="-3" y="-44"/>
  <i image="7.stabTF.3_1.png" delay="200" x="-3" y="-44"/>
  <i image="7.proneStab.1_0.png" delay="30" x="12" y="-26"/>
  <i image="7.proneStab.1_1.png" delay="200" x="12" y="-26"/>
  <i image="8.swingT2.2_0.png" delay="200" x="-34" y="-135"/>
  <i image="8.swingP1.2_0.png" delay="200" x="-20" y="-129"/>
  <i image="8.swingP2.2_0.png" delay="200" x="-37" y="-131"/>
  <i image="8.swingPF.3_0.png" delay="200" x="-9" y="-132"/>
  <i image="8.stabT1.2_0.png" delay="30" x="24" y="-41"/>
  <i image="8.stabT1.2_1.png" delay="200" x="24" y="-41"/>
  <i image="8.stabT2.2_0.png" delay="30" x="12" y="-54"/>
  <i image="8.stabT2.2_1.png" delay="200" x="12" y="-54"/>
  <i image="8.stabTF.3_0.png" delay="30" x="-3" y="-44"/>
  <i image="8.stabTF.3_1.png" delay="200" x="-3" y="-44"/>
  <i image="8.proneStab.1_0.png" delay="30" x="12" y="-26"/>
  <i image="8.proneStab.1_1.png" delay="200" x="12" y="-26"/>
  <i image="9.swingT2.2_0.png" delay="200" x="-34" y="-135"/>
  <i image="9.swingP1.2_0.png" delay="200" x="-20" y="-129"/>
  <i image="9.swingP2.2_0.png" delay="200" x="-37" y="-131"/>
  <i image="9.swingPF.3_0.png" delay="200" x="-9" y="-132"/>
  <i image="9.stabT1.2_0.png" delay="30" x="24" y="-41"/>
  <i image="9.stabT1.2_1.png" delay="200" x="24" y="-41"/>
  <i image="9.stabT2.2_0.png" delay="30" x="12" y="-54"/>
  <i image="9.stabT2.2_1.png" delay="200" x="12" y="-54"/>
  <i image="9.stabTF.3_0.png" delay="30" x="-3" y="-44"/>
  <i image="9.stabTF.3_1.png" delay="200" x="-3" y="-44"/>
  <i image="9.proneStab.1_0.png" delay="30" x="12" y="-26"/>
  <i image="9.proneStab.1_1.png" delay="200" x="12" y="-26"/>
  <i image="10.swingT2.2_0.png" delay="200" x="-35" y="-134"/>
  <i image="10.swingP1.2_0.png" delay="200" x="-20" y="-128"/>
  <i image="10.swingP2.2_0.png" delay="200" x="-37" y="-130"/>
  <i image="10.swingPF.3_0.png" delay="200" x="-9" y="-131"/>
  <i image="10.stabT1.2_0.png" delay="30" x="-22" y="-41"/>
  <i image="10.stabT1.2_1.png" delay="200" x="-22" y="-41"/>
  <i image="10.stabT2.2_0.png" delay="30" x="-14" y="-54"/>
  <i image="10.stabT2.2_1.png" delay="200" x="-14" y="-54"/>
  <i image="10.stabTF.3_0.png" delay="30" x="10" y="-44"/>
  <i image="10.stabTF.3_1.png" delay="200" x="10" y="-44"/>
  <i image="10.proneStab.1_0.png" delay="30" x="-34" y="-29"/>
  <i image="10.proneStab.1_1.png" delay="200" x="-34" y="-29"/>
  <i image="11.swingT2.2_0.png" delay="200" x="-35" y="-134"/>
  <i image="11.swingP1.2_0.png" delay="200" x="-20" y="-128"/>
  <i image="11.swingP2.2_0.png" delay="200" x="-37" y="-130"/>
  <i image="11.swingPF.3_0.png" delay="200" x="-9" y="-131"/>
  <i image="11.stabT1.2_0.png" delay="30" x="-22" y="-41"/>
  <i image="11.stabT1.2_1.png" delay="200" x="-22" y="-41"/>
  <i image="11.stabT2.2_0.png" delay="30" x="-14" y="-54"/>
  <i image="11.stabT2.2_1.png" delay="200" x="-14" y="-54"/>
  <i image="11.stabTF.3_0.png" delay="30" x="10" y="-44"/>
  <i image="11.stabTF.3_1.png" delay="200" x="10" y="-44"/>
  <i image="11.proneStab.1_0.png" delay="30" x="-34" y="-29"/>
  <i image="11.proneStab.1_1.png" delay="200" x="-34" y="-29"/>
  <i image="12.swingT2.2_0.png" delay="200" x="-35" y="-134"/>
  <i image="12.swingP1.2_0.png" delay="200" x="-20" y="-128"/>
  <i image="12.swingP2.2_0.png" delay="200" x="-37" y="-130"/>
  <i image="12.swingPF.3_0.png" delay="200" x="-9" y="-131"/>
  <i image="12.stabT1.2_0.png" delay="30" x="-22" y="-41"/>
  <i image="12.stabT1.2_1.png" delay="200" x="-22" y="-41"/>
  <i image="12.stabT2.2_0.png" delay="30" x="-14" y="-54"/>
  <i image="12.stabT2.2_1.png" delay="200" x="-14" y="-54"/>
  <i image="12.stabTF.3_0.png" delay="30" x="10" y="-44"/>
  <i image="12.stabTF.3_1.png" delay="200" x="10" y="-44"/>
  <i image="12.proneStab.1_0.png" delay="30" x="-34" y="-29"/>
  <i image="12.proneStab.1_1.png" delay="200" x="-34" y="-29"/>
  <i image="13.swingT2.2_0.png" delay="200" x="-35" y="-134"/>
  <i image="13.swingP1.2_0.png" delay="200" x="-20" y="-128"/>
  <i image="13.swingP2.2_0.png" delay="200" x="-37" y="-130"/>
  <i image="13.swingPF.3_0.png" delay="200" x="-9" y="-131"/>
  <i image="13.stabT1.2_0.png" delay="30" x="-22" y="-41"/>
  <i image="13.stabT1.2_1.png" delay="200" x="-22" y="-41"/>
  <i image="13.stabT2.2_0.png" delay="30" x="-14" y="-54"/>
  <i image="13.stabT2.2_1.png" delay="200" x="-14" y="-54"/>
  <i image="13.stabTF.3_0.png" delay="30" x="10" y="-44"/>
  <i image="13.stabTF.3_1.png" delay="200" x="10" y="-44"/>
  <i image="13.proneStab.1_0.png" delay="30" x="-34" y="-29"/>
  <i image="13.proneStab.1_1.png" delay="200" x="-34" y="-29"/>
  <i image="14.swingT2.2_0.png" delay="200" x="-35" y="-134"/>
  <i image="14.swingP1.2_0.png" delay="200" x="-20" y="-128"/>
  <i image="14.swingP2.2_0.png" delay="200" x="-37" y="-130"/>
  <i image="14.swingPF.3_0.png" delay="200" x="-9" y="-131"/>
  <i image="14.stabT1.2_0.png" delay="30" x="-22" y="-41"/>
  <i image="14.stabT1.2_1.png" delay="200" x="-22" y="-41"/>
  <i image="14.stabT2.2_0.png" delay="30" x="-14" y="-54"/>
  <i image="14.stabT2.2_1.png" delay="200" x="-14" y="-54"/>
  <i image="14.stabTF.3_0.png" delay="30" x="10" y="-44"/>
  <i image="14.stabTF.3_1.png" delay="200" x="10" y="-44"/>
  <i image="14.proneStab.1_0.png" delay="30" x="-34" y="-29"/>
  <i image="14.proneStab.1_1.png" delay="200" x="-34" y="-29"/>
  <i image="15.swingT2.2_0.png" delay="200" x="-35" y="-134"/>
  <i image="15.swingP1.2_0.png" delay="200" x="-20" y="-128"/>
  <i image="15.swingP2.2_0.png" delay="200" x="-37" y="-130"/>
  <i image="15.swingPF.3_0.png" delay="200" x="-9" y="-131"/>
  <i image="15.stabT1.2_0.png" delay="30" x="-22" y="-41"/>
  <i image="15.stabT1.2_1.png" delay="200" x="-22" y="-41"/>
  <i image="15.stabT2.2_0.png" delay="30" x="-14" y="-54"/>
  <i image="15.stabT2.2_1.png" delay="200" x="-14" y="-54"/>
  <i image="15.stabTF.3_0.png" delay="30" x="10" y="-44"/>
  <i image="15.stabTF.3_1.png" delay="200" x="10" y="-44"/>
  <i image="15.proneStab.1_0.png" delay="30" x="-34" y="-29"/>
  <i image="15.proneStab.1_1.png" delay="200" x="-34" y="-29"/>
  <i image="16.swingT2.2_0.png" delay="200" x="-35" y="-134"/>
  <i image="16.swingP1.2_0.png" delay="200" x="-20" y="-128"/>
  <i image="16.swingP2.2_0.png" delay="200" x="-37" y="-130"/>
  <i image="16.swingPF.3_0.png" delay="200" x="-9" y="-131"/>
  <i image="16.stabT1.2_0.png" delay="30" x="-22" y="-41"/>
  <i image="16.stabT1.2_1.png" delay="200" x="-22" y="-41"/>
  <i image="16.stabT2.2_0.png" delay="30" x="-14" y="-54"/>
  <i image="16.stabT2.2_1.png" delay="200" x="-14" y="-54"/>
  <i image="16.stabTF.3_0.png" delay="30" x="10" y="-44"/>
  <i image="16.stabTF.3_1.png" delay="200" x="10" y="-44"/>
  <i image="16.proneStab.1_0.png" delay="30" x="-34" y="-29"/>
  <i image="16.proneStab.1_1.png" delay="200" x="-34" y="-29"/>
</i>