<i>
  <i image="stand_0.png" delay="150" x="-139" y="-419"/>
  <i image="stand_1.png" delay="150" x="-139" y="-419"/>
  <i image="stand_2.png" delay="150" x="-139" y="-419"/>
  <i image="stand_3.png" delay="150" x="-139" y="-419"/>
  <i image="stand_4.png" delay="150" x="-139" y="-419"/>
  <i image="stand_5.png" delay="150" x="-139" y="-419"/>
  <i image="stand_6.png" delay="150" x="-139" y="-419"/>
  <i image="stand_7.png" delay="150" x="-139" y="-419"/>
  <i image="stand_8.png" delay="150" x="-139" y="-419"/>
  <i image="stand_9.png" delay="150" x="-139" y="-419"/>
  <i image="stand_10.png" delay="150" x="-139" y="-419"/>
  <i image="stand_11.png" delay="150" x="-139" y="-419"/>
  <i image="hit1_0.png" delay="600" x="-135" y="-419"/>
  <i image="die1_0.png" delay="150" x="-173" y="-419"/>
  <i image="die1_1.png" delay="150" x="-173" y="-419"/>
  <i image="die1_2.png" delay="150" x="-173" y="-419"/>
  <i image="die1_3.png" delay="150" x="-173" y="-419"/>
  <i image="die1_4.png" delay="150" x="-173" y="-419"/>
  <i image="die1_5.png" delay="150" x="-173" y="-419"/>
  <i image="die1_6.png" delay="150" x="-173" y="-419"/>
  <i image="die1_7.png" delay="150" x="-173" y="-419"/>
  <i image="die1_8.png" delay="150" x="-173" y="-419"/>
  <i image="die1_9.png" delay="150" x="-173" y="-419"/>
  <i image="die1_10.png" delay="150" x="-173" y="-419"/>
  <i image="die1_11.png" delay="150" x="-173" y="-419"/>
  <i image="die1_12.png" delay="150" x="-173" y="-419"/>
  <i image="die1_13.png" delay="150" x="-173" y="-419"/>
  <i image="die1_14.png" delay="150" x="-173" y="-419"/>
  <i image="die1_15.png" delay="150" x="-173" y="-419"/>
  <i image="die1_16.png" delay="150" x="-173" y="-419"/>
  <i image="die1_17.png" delay="150" x="-173" y="-419"/>
</i>