<i>
  <i image="move_0.png" delay="120" x="-105" y="-163"/>
  <i image="move_1.png" delay="120" x="-105" y="-163"/>
  <i image="move_2.png" delay="120" x="-105" y="-163"/>
  <i image="move_3.png" delay="120" x="-105" y="-163"/>
  <i image="move_4.png" delay="120" x="-105" y="-163"/>
  <i image="move_5.png" delay="120" x="-105" y="-163"/>
  <i image="stand_0.png" delay="120" x="-105" y="-163"/>
  <i image="stand_1.png" delay="120" x="-105" y="-163"/>
  <i image="stand_2.png" delay="120" x="-105" y="-163"/>
  <i image="stand_3.png" delay="120" x="-105" y="-163"/>
  <i image="stand_4.png" delay="120" x="-105" y="-163"/>
  <i image="stand_5.png" delay="120" x="-105" y="-163"/>
  <i image="attack1.info.areaWarning_0.png" delay="120" x="-108" y="-301"/>
  <i image="attack1.info.areaWarning_1.png" delay="120" x="-108" y="-301"/>
  <i image="attack1.info.areaWarning_2.png" delay="120" x="-108" y="-301"/>
  <i image="attack1.info.areaWarning_3.png" delay="120" x="-108" y="-301"/>
  <i image="attack1.info.areaWarning_4.png" delay="120" x="-108" y="-301"/>
  <i image="attack1.info.areaWarning_5.png" delay="120" x="-108" y="-301"/>
  <i image="attack1.info.areaWarning_6.png" delay="120" x="-108" y="-301"/>
  <i image="attack1.info.areaWarning_7.png" delay="120" x="-108" y="-301"/>
  <i image="attack1.info.areaWarning_8.png" delay="120" x="-108" y="-301"/>
  <i image="attack1.info.areaWarning_9.png" delay="120" x="-108" y="-301"/>
  <i image="attack1.info.areaWarning_10.png" delay="120" x="-108" y="-301"/>
  <i image="attack1.info.areaWarning_11.png" delay="120" x="-108" y="-301"/>
  <i image="attack1.info.areaWarning_12.png" delay="120" x="-108" y="-301"/>
  <i image="attack1.info.areaWarning_13.png" delay="120" x="-108" y="-301"/>
  <i image="attack1.info.areaWarning_14.png" delay="120" x="-108" y="-301"/>
  <i image="attack1.info.areaWarning_15.png" delay="120" x="-108" y="-301"/>
  <i image="attack1.info.areaWarning_16.png" delay="120" x="-108" y="-301"/>
  <i image="attack1.info.areaWarning_17.png" delay="120" x="-108" y="-301"/>
  <i image="attack1.info.areaWarning_18.png" delay="120" x="-108" y="-301"/>
  <i image="attack1.info.areaWarning_19.png" delay="120" x="-108" y="-301"/>
  <i image="attack1.info.areaWarning_20.png" delay="120" x="-108" y="-301"/>
  <i image="attack1.info.areaWarning_21.png" delay="120" x="-108" y="-301"/>
  <i image="attack1.info.hit_0.png" delay="120" x="-60" y="-86"/>
  <i image="attack1.info.hit_1.png" delay="120" x="-60" y="-86"/>
  <i image="attack1_0.png" delay="120" x="-179" y="-177"/>
  <i image="attack1_1.png" delay="120" x="-179" y="-177"/>
  <i image="attack1_2.png" delay="120" x="-179" y="-177"/>
  <i image="attack1_3.png" delay="120" x="-179" y="-177"/>
  <i image="attack1_4.png" delay="120" x="-179" y="-177"/>
  <i image="attack1_5.png" delay="120" x="-179" y="-177"/>
  <i image="attack1_6.png" delay="120" x="-179" y="-177"/>
  <i image="attack1_7.png" delay="120" x="-179" y="-177"/>
  <i image="attack1_8.png" delay="120" x="-179" y="-177"/>
  <i image="attack1_9.png" delay="120" x="-179" y="-177"/>
  <i image="attack1_10.png" delay="120" x="-179" y="-177"/>
  <i image="attack1_11.png" delay="120" x="-179" y="-177"/>
  <i image="attack1_12.png" delay="120" x="-179" y="-177"/>
  <i image="attack1_13.png" delay="120" x="-179" y="-177"/>
  <i image="attack1_14.png" delay="120" x="-179" y="-177"/>
  <i image="attack1_15.png" delay="120" x="-179" y="-177"/>
  <i image="attack1_16.png" delay="120" x="-179" y="-177"/>
  <i image="attack1_17.png" delay="120" x="-179" y="-177"/>
  <i image="attack2.info.hit_0.png" delay="120" x="-49" y="-80"/>
  <i image="attack2.info.hit_1.png" delay="120" x="-49" y="-80"/>
  <i image="attack2.info.hit_2.png" delay="120" x="-49" y="-80"/>
  <i image="attack2.info.hit_3.png" delay="120" x="-49" y="-80"/>
  <i image="attack2_0.png" delay="120" x="-144" y="-163"/>
  <i image="attack2_1.png" delay="120" x="-144" y="-163"/>
  <i image="attack2_2.png" delay="120" x="-144" y="-163"/>
  <i image="attack2_3.png" delay="120" x="-144" y="-163"/>
  <i image="attack2_4.png" delay="120" x="-144" y="-163"/>
  <i image="attack2_5.png" delay="120" x="-144" y="-163"/>
  <i image="attack2_6.png" delay="120" x="-144" y="-163"/>
  <i image="attack2_7.png" delay="120" x="-144" y="-163"/>
  <i image="attack2_8.png" delay="120" x="-144" y="-163"/>
  <i image="attack2_9.png" delay="120" x="-144" y="-163"/>
  <i image="attack2_10.png" delay="120" x="-144" y="-163"/>
  <i image="attack2_11.png" delay="120" x="-144" y="-163"/>
  <i image="attack2_12.png" delay="120" x="-144" y="-163"/>
  <i image="attack2_13.png" delay="120" x="-144" y="-163"/>
  <i image="attack2_14.png" delay="120" x="-144" y="-163"/>
  <i image="attack2_15.png" delay="120" x="-144" y="-163"/>
  <i image="attack2_16.png" delay="120" x="-144" y="-163"/>
  <i image="attack2_17.png" delay="120" x="-144" y="-163"/>
  <i image="hit1_0.png" delay="600" x="-75" y="-172"/>
  <i image="die1_0.png" delay="180" x="-91" y="-172"/>
  <i image="die1_1.png" delay="180" x="-91" y="-172"/>
  <i image="die1_2.png" delay="180" x="-91" y="-172"/>
  <i image="die1_3.png" delay="180" x="-91" y="-172"/>
  <i image="die1_4.png" delay="300" x="-91" y="-172"/>
</i>