<i>
  <i image="stand_0.png" delay="180" x="-102" y="-171"/>
  <i image="stand_1.png" delay="180" x="-102" y="-171"/>
  <i image="stand_2.png" delay="180" x="-102" y="-171"/>
  <i image="stand_3.png" delay="180" x="-102" y="-171"/>
  <i image="stand_4.png" delay="180" x="-102" y="-171"/>
  <i image="stand_5.png" delay="180" x="-102" y="-171"/>
  <i image="move_0.png" delay="150" x="-103" y="-172"/>
  <i image="move_1.png" delay="150" x="-103" y="-172"/>
  <i image="move_2.png" delay="150" x="-103" y="-172"/>
  <i image="move_3.png" delay="150" x="-103" y="-172"/>
  <i image="move_4.png" delay="150" x="-103" y="-172"/>
  <i image="move_5.png" delay="150" x="-103" y="-172"/>
  <i image="attack1.info.hit_0.png" delay="100" x="-91" y="-81"/>
  <i image="attack1.info.hit_1.png" delay="100" x="-91" y="-81"/>
  <i image="attack1.info.hit_2.png" delay="100" x="-91" y="-81"/>
  <i image="attack1.info.hit_3.png" delay="100" x="-91" y="-81"/>
  <i image="attack1.info.hit_4.png" delay="100" x="-91" y="-81"/>
  <i image="attack1.info.hit_5.png" delay="100" x="-91" y="-81"/>
  <i image="attack1_0.png" delay="120" x="-451" y="-219"/>
  <i image="attack1_1.png" delay="120" x="-451" y="-219"/>
  <i image="attack1_2.png" delay="120" x="-451" y="-219"/>
  <i image="attack1_3.png" delay="120" x="-451" y="-219"/>
  <i image="attack1_4.png" delay="120" x="-451" y="-219"/>
  <i image="attack1_5.png" delay="120" x="-451" y="-219"/>
  <i image="attack1_6.png" delay="120" x="-451" y="-219"/>
  <i image="attack1_7.png" delay="120" x="-451" y="-219"/>
  <i image="attack1_8.png" delay="120" x="-451" y="-219"/>
  <i image="attack1_9.png" delay="120" x="-451" y="-219"/>
  <i image="attack1_10.png" delay="120" x="-451" y="-219"/>
  <i image="attack1_11.png" delay="120" x="-451" y="-219"/>
  <i image="attack1_12.png" delay="120" x="-451" y="-219"/>
  <i image="attack1_13.png" delay="120" x="-451" y="-219"/>
  <i image="attack1_14.png" delay="120" x="-451" y="-219"/>
  <i image="attack1_15.png" delay="120" x="-451" y="-219"/>
  <i image="attack1_16.png" delay="120" x="-451" y="-219"/>
  <i image="attack1_17.png" delay="120" x="-451" y="-219"/>
  <i image="attack1_18.png" delay="150" x="-451" y="-219"/>
  <i image="attack1_19.png" delay="150" x="-451" y="-219"/>
  <i image="attack1_20.png" delay="150" x="-451" y="-219"/>
  <i image="attack1_21.png" delay="150" x="-451" y="-219"/>
  <i image="attack1_22.png" delay="150" x="-451" y="-219"/>
  <i image="attack2.info.hit_0.png" delay="100" x="-76" y="-71"/>
  <i image="attack2.info.hit_1.png" delay="100" x="-76" y="-71"/>
  <i image="attack2.info.hit_2.png" delay="100" x="-76" y="-71"/>
  <i image="attack2.info.hit_3.png" delay="100" x="-76" y="-71"/>
  <i image="attack2.info.hit_4.png" delay="100" x="-76" y="-71"/>
  <i image="attack2.info.hit_5.png" delay="100" x="-76" y="-71"/>
  <i image="attack2.info.hit_6.png" delay="100" x="-76" y="-71"/>
  <i image="attack2_0.png" delay="120" x="-426" y="-292"/>
  <i image="attack2_1.png" delay="120" x="-426" y="-292"/>
  <i image="attack2_2.png" delay="120" x="-426" y="-292"/>
  <i image="attack2_3.png" delay="120" x="-426" y="-292"/>
  <i image="attack2_4.png" delay="120" x="-426" y="-292"/>
  <i image="attack2_5.png" delay="120" x="-426" y="-292"/>
  <i image="attack2_6.png" delay="120" x="-426" y="-292"/>
  <i image="attack2_7.png" delay="120" x="-426" y="-292"/>
  <i image="attack2_8.png" delay="120" x="-426" y="-292"/>
  <i image="attack2_9.png" delay="120" x="-426" y="-292"/>
  <i image="attack2_10.png" delay="120" x="-426" y="-292"/>
  <i image="attack2_11.png" delay="120" x="-426" y="-292"/>
  <i image="attack2_12.png" delay="120" x="-426" y="-292"/>
  <i image="attack2_13.png" delay="120" x="-426" y="-292"/>
  <i image="attack2_14.png" delay="120" x="-426" y="-292"/>
  <i image="attack2_15.png" delay="120" x="-426" y="-292"/>
  <i image="attack2_16.png" delay="120" x="-426" y="-292"/>
  <i image="attack2_17.png" delay="120" x="-426" y="-292"/>
  <i image="attack2_18.png" delay="120" x="-426" y="-292"/>
  <i image="attack2_19.png" delay="120" x="-426" y="-292"/>
  <i image="attack2_20.png" delay="120" x="-426" y="-292"/>
  <i image="attack2_21.png" delay="120" x="-426" y="-292"/>
  <i image="attack2_22.png" delay="120" x="-426" y="-292"/>
  <i image="attack2_23.png" delay="120" x="-426" y="-292"/>
  <i image="attack2_24.png" delay="120" x="-426" y="-292"/>
  <i image="attack2_25.png" delay="150" x="-426" y="-292"/>
  <i image="attack2_26.png" delay="150" x="-426" y="-292"/>
  <i image="attack2_27.png" delay="150" x="-426" y="-292"/>
  <i image="attack2_28.png" delay="150" x="-426" y="-292"/>
  <i image="skill1_0.png" delay="120" x="-307" y="-224"/>
  <i image="skill1_1.png" delay="120" x="-307" y="-224"/>
  <i image="skill1_2.png" delay="120" x="-307" y="-224"/>
  <i image="skill1_3.png" delay="120" x="-307" y="-224"/>
  <i image="skill1_4.png" delay="120" x="-307" y="-224"/>
  <i image="skill1_5.png" delay="120" x="-307" y="-224"/>
  <i image="skill1_6.png" delay="120" x="-307" y="-224"/>
  <i image="skill1_7.png" delay="120" x="-307" y="-224"/>
  <i image="skill1_8.png" delay="150" x="-307" y="-224"/>
  <i image="skill1_9.png" delay="120" x="-307" y="-224"/>
  <i image="skill1_10.png" delay="120" x="-307" y="-224"/>
  <i image="skill1_11.png" delay="120" x="-307" y="-224"/>
  <i image="skill1_12.png" delay="120" x="-307" y="-224"/>
  <i image="skill1_13.png" delay="120" x="-307" y="-224"/>
  <i image="skill1_14.png" delay="120" x="-307" y="-224"/>
  <i image="skill1_15.png" delay="120" x="-307" y="-224"/>
  <i image="skill1_16.png" delay="120" x="-307" y="-224"/>
  <i image="skill1_17.png" delay="150" x="-307" y="-224"/>
  <i image="skill1_18.png" delay="150" x="-307" y="-224"/>
  <i image="skill1_19.png" delay="150" x="-307" y="-224"/>
  <i image="skill1_20.png" delay="150" x="-307" y="-224"/>
  <i image="skill1_21.png" delay="150" x="-307" y="-224"/>
  <i image="skill2_0.png" delay="120" x="-307" y="-224"/>
  <i image="skill2_1.png" delay="120" x="-307" y="-224"/>
  <i image="skill2_2.png" delay="120" x="-307" y="-224"/>
  <i image="skill2_3.png" delay="120" x="-307" y="-224"/>
  <i image="skill2_4.png" delay="120" x="-307" y="-224"/>
  <i image="skill2_5.png" delay="120" x="-307" y="-224"/>
  <i image="skill2_6.png" delay="120" x="-307" y="-224"/>
  <i image="skill2_7.png" delay="120" x="-307" y="-224"/>
  <i image="skill2_8.png" delay="120" x="-307" y="-224"/>
  <i image="skill2_9.png" delay="120" x="-307" y="-224"/>
  <i image="skill2_10.png" delay="120" x="-307" y="-224"/>
  <i image="skill2_11.png" delay="120" x="-307" y="-224"/>
  <i image="skill2_12.png" delay="120" x="-307" y="-224"/>
  <i image="skill2_13.png" delay="120" x="-307" y="-224"/>
  <i image="skill2_14.png" delay="120" x="-307" y="-224"/>
  <i image="skill2_15.png" delay="120" x="-307" y="-224"/>
  <i image="skill2_16.png" delay="120" x="-307" y="-224"/>
  <i image="skill3_0.png" delay="150" x="-154" y="-220"/>
  <i image="skill3_1.png" delay="150" x="-154" y="-220"/>
  <i image="skill3_2.png" delay="150" x="-154" y="-220"/>
  <i image="skill3_3.png" delay="150" x="-154" y="-220"/>
  <i image="skill3_4.png" delay="150" x="-154" y="-220"/>
  <i image="skill3_5.png" delay="150" x="-154" y="-220"/>
  <i image="skill3_6.png" delay="150" x="-154" y="-220"/>
  <i image="skill3_7.png" delay="150" x="-154" y="-220"/>
  <i image="skill3_8.png" delay="150" x="-154" y="-220"/>
  <i image="skill3_9.png" delay="150" x="-154" y="-220"/>
  <i image="skill3_10.png" delay="150" x="-154" y="-220"/>
  <i image="skill3_11.png" delay="150" x="-154" y="-220"/>
  <i image="skill3_12.png" delay="150" x="-154" y="-220"/>
  <i image="skill3_13.png" delay="150" x="-154" y="-220"/>
  <i image="skill3_14.png" delay="150" x="-154" y="-220"/>
  <i image="skill3_15.png" delay="150" x="-154" y="-220"/>
  <i image="skill3_16.png" delay="150" x="-154" y="-220"/>
  <i image="skill4_0.png" delay="150" x="-153" y="-220"/>
  <i image="skill4_1.png" delay="150" x="-153" y="-220"/>
  <i image="skill4_2.png" delay="150" x="-153" y="-220"/>
  <i image="skill4_3.png" delay="150" x="-153" y="-220"/>
  <i image="skill4_4.png" delay="150" x="-153" y="-220"/>
  <i image="skill4_5.png" delay="150" x="-153" y="-220"/>
  <i image="skill4_6.png" delay="150" x="-153" y="-220"/>
  <i image="skill4_7.png" delay="150" x="-153" y="-220"/>
  <i image="skill4_8.png" delay="150" x="-153" y="-220"/>
  <i image="skill4_9.png" delay="150" x="-153" y="-220"/>
  <i image="skill4_10.png" delay="150" x="-153" y="-220"/>
  <i image="skill4_11.png" delay="150" x="-153" y="-220"/>
  <i image="skill4_12.png" delay="150" x="-153" y="-220"/>
  <i image="skill4_13.png" delay="150" x="-153" y="-220"/>
  <i image="skill4_14.png" delay="150" x="-153" y="-220"/>
  <i image="skill4_15.png" delay="150" x="-153" y="-220"/>
  <i image="skill4_16.png" delay="480" x="-153" y="-220"/>
  <i image="hit1_0.png" delay="300" x="-97" y="-189"/>
  <i image="die1_0.png" delay="180" x="-97" y="-355"/>
  <i image="die1_1.png" delay="180" x="-97" y="-355"/>
  <i image="die1_2.png" delay="180" x="-97" y="-355"/>
  <i image="die1_3.png" delay="180" x="-97" y="-355"/>
  <i image="die1_4.png" delay="180" x="-97" y="-355"/>
  <i image="die1_5.png" delay="180" x="-97" y="-355"/>
  <i image="die1_6.png" delay="180" x="-97" y="-355"/>
  <i image="die1_7.png" delay="180" x="-97" y="-355"/>
  <i image="die1_8.png" delay="180" x="-97" y="-355"/>
  <i image="die1_9.png" delay="180" x="-97" y="-355"/>
  <i image="die1_10.png" delay="180" x="-97" y="-355"/>
  <i image="die1_11.png" delay="180" x="-97" y="-355"/>
  <i image="die1_12.png" delay="180" x="-97" y="-355"/>
  <i image="die1_13.png" delay="180" x="-97" y="-355"/>
  <i image="die1_14.png" delay="180" x="-97" y="-355"/>
  <i image="die1_15.png" delay="180" x="-97" y="-355"/>
  <i image="die1_16.png" delay="180" x="-97" y="-355"/>
  <i image="sleep_0.png" delay="100" x="-102" y="-160"/>
  <i image="wakeup_0.png" delay="180" x="-102" y="-171"/>
  <i image="wakeup_1.png" delay="180" x="-102" y="-171"/>
  <i image="wakeup_2.png" delay="180" x="-102" y="-171"/>
  <i image="wakeup_3.png" delay="180" x="-102" y="-171"/>
  <i image="wakeup_4.png" delay="180" x="-102" y="-171"/>
  <i image="wakeup_5.png" delay="180" x="-102" y="-171"/>
</i>