<i>
  <i image="fly_0.png" delay="120" x="-105" y="-163"/>
  <i image="fly_1.png" delay="120" x="-105" y="-163"/>
  <i image="fly_2.png" delay="120" x="-105" y="-163"/>
  <i image="fly_3.png" delay="120" x="-105" y="-163"/>
  <i image="fly_4.png" delay="120" x="-105" y="-163"/>
  <i image="fly_5.png" delay="120" x="-105" y="-163"/>
  <i image="attack1.info.hit_0.png" delay="120" x="-58" y="-99"/>
  <i image="attack1.info.hit_1.png" delay="120" x="-58" y="-99"/>
  <i image="attack1.info.hit_2.png" delay="120" x="-58" y="-99"/>
  <i image="attack1.info.hit_3.png" delay="120" x="-58" y="-99"/>
  <i image="attack1.info.hit_4.png" delay="120" x="-58" y="-99"/>
  <i image="attack1.info.hit_5.png" delay="120" x="-58" y="-99"/>
  <i image="attack1.info.hit_6.png" delay="120" x="-58" y="-99"/>
  <i image="attack1_0.png" delay="120" x="-203" y="-163"/>
  <i image="attack1_1.png" delay="120" x="-203" y="-163"/>
  <i image="attack1_2.png" delay="120" x="-203" y="-163"/>
  <i image="attack1_3.png" delay="120" x="-203" y="-163"/>
  <i image="attack1_4.png" delay="120" x="-203" y="-163"/>
  <i image="attack1_5.png" delay="120" x="-203" y="-163"/>
  <i image="attack1_6.png" delay="120" x="-203" y="-163"/>
  <i image="attack1_7.png" delay="120" x="-203" y="-163"/>
  <i image="attack1_8.png" delay="120" x="-203" y="-163"/>
  <i image="attack1_9.png" delay="120" x="-203" y="-163"/>
  <i image="attack1_10.png" delay="120" x="-203" y="-163"/>
  <i image="attack1_11.png" delay="120" x="-203" y="-163"/>
  <i image="attack2.info.hit_0.png" delay="120" x="-49" y="-80"/>
  <i image="attack2.info.hit_1.png" delay="120" x="-49" y="-80"/>
  <i image="attack2.info.hit_2.png" delay="120" x="-49" y="-80"/>
  <i image="attack2.info.hit_3.png" delay="120" x="-49" y="-80"/>
  <i image="attack2_0.png" delay="120" x="-144" y="-163"/>
  <i image="attack2_1.png" delay="120" x="-144" y="-163"/>
  <i image="attack2_2.png" delay="120" x="-144" y="-163"/>
  <i image="attack2_3.png" delay="120" x="-144" y="-163"/>
  <i image="attack2_4.png" delay="120" x="-144" y="-163"/>
  <i image="attack2_5.png" delay="120" x="-144" y="-163"/>
  <i image="attack2_6.png" delay="120" x="-144" y="-163"/>
  <i image="attack2_7.png" delay="120" x="-144" y="-163"/>
  <i image="attack2_8.png" delay="120" x="-144" y="-163"/>
  <i image="attack2_9.png" delay="120" x="-144" y="-163"/>
  <i image="attack2_10.png" delay="120" x="-144" y="-163"/>
  <i image="attack2_11.png" delay="120" x="-144" y="-163"/>
  <i image="hit1_0.png" delay="600" x="-75" y="-172"/>
  <i image="die1_0.png" delay="180" x="-91" y="-172"/>
  <i image="die1_1.png" delay="180" x="-91" y="-172"/>
  <i image="die1_2.png" delay="180" x="-91" y="-172"/>
  <i image="die1_3.png" delay="180" x="-91" y="-172"/>
  <i image="die1_4.png" delay="300" x="-91" y="-172"/>
</i>