<i>
  <i image="walk1_0.png" delay="180" x="-71" y="-75"/>
  <i image="walk1_1.png" delay="180" x="-71" y="-75"/>
  <i image="walk1_2.png" delay="180" x="-71" y="-75"/>
  <i image="walk1_3.png" delay="180" x="-71" y="-75"/>
  <i image="stand2_0.png" delay="500" x="-23" y="-86"/>
  <i image="stand2_1.png" delay="500" x="-23" y="-86"/>
  <i image="stand2_2.png" delay="500" x="-23" y="-86"/>
  <i image="stand2_3.png" delay="500" x="-23" y="-86"/>
  <i image="stand2_4.png" delay="500" x="-23" y="-86"/>
  <i image="alert_0.png" delay="500" x="-77" y="-74"/>
  <i image="alert_1.png" delay="500" x="-77" y="-74"/>
  <i image="alert_2.png" delay="500" x="-77" y="-74"/>
  <i image="alert_3.png" delay="500" x="-77" y="-74"/>
  <i image="alert_4.png" delay="500" x="-77" y="-74"/>
  <i image="swingT1_0.png" delay="300" x="-106" y="-100"/>
  <i image="swingT1_1.png" delay="150" x="-106" y="-100"/>
  <i image="swingT1_2.png" delay="350" x="-106" y="-100"/>
  <i image="swingT2_0.png" delay="300" x="-85" y="-98"/>
  <i image="swingT2_1.png" delay="150" x="-85" y="-98"/>
  <i image="swingT2_2.png" delay="350" x="-85" y="-98"/>
  <i image="swingT3_0.png" delay="300" x="-62" y="-97"/>
  <i image="swingT3_1.png" delay="150" x="-62" y="-97"/>
  <i image="swingT3_2.png" delay="350" x="-62" y="-97"/>
  <i image="swingTF_0.png" delay="200" x="-105" y="-110"/>
  <i image="swingTF_1.png" delay="150" x="-105" y="-110"/>
  <i image="swingTF_2.png" delay="150" x="-105" y="-110"/>
  <i image="swingTF_3.png" delay="200" x="-105" y="-110"/>
  <i image="stabO1_0.png" delay="350" x="-113" y="-72"/>
  <i image="stabO1_1.png" delay="450" x="-113" y="-72"/>
  <i image="stabO2_0.png" delay="350" x="-112" y="-75"/>
  <i image="stabO2_1.png" delay="450" x="-112" y="-75"/>
  <i image="stabOF_0.png" delay="250" x="-135" y="-73"/>
  <i image="stabOF_1.png" delay="150" x="-135" y="-73"/>
  <i image="stabOF_2.png" delay="300" x="-135" y="-73"/>
  <i image="proneStab_0.png" delay="300" x="-105" y="-47"/>
  <i image="proneStab_1.png" delay="400" x="-105" y="-47"/>
  <i image="prone_0.png" delay="100" x="-90" y="-47"/>
  <i image="fly_0.png" delay="300" x="-23" y="-97"/>
  <i image="fly_1.png" delay="300" x="-23" y="-97"/>
  <i image="jump_0.png" delay="200" x="-23" y="-90"/>
  <i image="ladder_0.png" delay="250" x="-30" y="-71"/>
  <i image="ladder_1.png" delay="250" x="-30" y="-71"/>
  <i image="rope_0.png" delay="250" x="-28" y="-74"/>
  <i image="rope_1.png" delay="250" x="-28" y="-74"/>
  <i image="sit_0.png" delay="100" x="-20" y="-71"/>
</i>