<i>
  <i image="back_0.png" delay="100" x="-799" y="-406"/>
  <i image="back_1.png" delay="100" x="-799" y="-406"/>
  <i image="back_2.png" delay="100" x="-799" y="-406"/>
  <i image="back_3.png" delay="100" x="-799" y="-406"/>
  <i image="back_4.png" delay="100" x="-799" y="-406"/>
  <i image="back_5.png" delay="100" x="-799" y="-406"/>
  <i image="back_6.png" delay="100" x="-799" y="-406"/>
  <i image="back_7.png" delay="100" x="-799" y="-406"/>
  <i image="back_8.png" delay="100" x="-799" y="-406"/>
  <i image="back_9.png" delay="100" x="-799" y="-406"/>
  <i image="back_10.png" delay="100" x="-799" y="-406"/>
  <i image="back_11.png" delay="100" x="-799" y="-406"/>
  <i image="back_12.png" delay="100" x="-799" y="-406"/>
  <i image="back_13.png" delay="100" x="-799" y="-406"/>
  <i image="back_14.png" delay="100" x="-799" y="-406"/>
  <i image="back_15.png" delay="100" x="-799" y="-406"/>
  <i image="back_16.png" delay="100" x="-799" y="-406"/>
  <i image="back_17.png" delay="100" x="-799" y="-406"/>
  <i image="back_18.png" delay="100" x="-799" y="-406"/>
  <i image="back_19.png" delay="100" x="-799" y="-406"/>
  <i image="back_20.png" delay="100" x="-799" y="-406"/>
  <i image="back_21.png" delay="100" x="-799" y="-406"/>
  <i image="back_22.png" delay="100" x="-799" y="-406"/>
  <i image="back_23.png" delay="100" x="-799" y="-406"/>
  <i image="back_24.png" delay="100" x="-799" y="-406"/>
  <i image="back_25.png" delay="100" x="-799" y="-406"/>
  <i image="back_26.png" delay="100" x="-799" y="-406"/>
  <i image="back_27.png" delay="100" x="-799" y="-406"/>
  <i image="back_28.png" delay="100" x="-799" y="-406"/>
  <i image="ani.0_0.png" delay="100" x="-797" y="-702"/>
  <i image="ani.0_1.png" delay="100" x="-797" y="-702"/>
  <i image="ani.0_2.png" delay="100" x="-797" y="-702"/>
  <i image="ani.0_3.png" delay="100" x="-797" y="-702"/>
  <i image="ani.0_4.png" delay="100" x="-797" y="-702"/>
  <i image="ani.0_5.png" delay="100" x="-797" y="-702"/>
  <i image="ani.0_6.png" delay="100" x="-797" y="-702"/>
  <i image="ani.0_7.png" delay="100" x="-797" y="-702"/>
  <i image="ani.1_0.png" delay="100" x="-132" y="0"/>
  <i image="ani.1_1.png" delay="100" x="-132" y="0"/>
  <i image="ani.1_2.png" delay="100" x="-132" y="0"/>
  <i image="ani.1_3.png" delay="100" x="-132" y="0"/>
  <i image="ani.1_4.png" delay="100" x="-132" y="0"/>
  <i image="ani.1_5.png" delay="100" x="-132" y="0"/>
  <i image="ani.1_6.png" delay="100" x="-132" y="0"/>
  <i image="ani.1_7.png" delay="100" x="-132" y="0"/>
  <i image="ani.1_8.png" delay="100" x="-132" y="0"/>
  <i image="ani.1_9.png" delay="100" x="-132" y="0"/>
  <i image="ani.1_10.png" delay="100" x="-132" y="0"/>
  <i image="ani.2_0.png" delay="100" x="0" y="-5"/>
  <i image="ani.2_1.png" delay="100" x="0" y="-5"/>
  <i image="ani.2_2.png" delay="100" x="0" y="-5"/>
  <i image="ani.2_3.png" delay="100" x="0" y="-5"/>
  <i image="ani.2_4.png" delay="100" x="0" y="-5"/>
  <i image="ani.2_5.png" delay="100" x="0" y="-5"/>
  <i image="ani.2_6.png" delay="100" x="0" y="-5"/>
  <i image="ani.2_7.png" delay="100" x="0" y="-5"/>
  <i image="ani.2_8.png" delay="100" x="0" y="-5"/>
  <i image="ani.2_9.png" delay="100" x="0" y="-5"/>
  <i image="ani.2_10.png" delay="100" x="0" y="-5"/>
  <i image="ani.3_0.png" delay="100" x="-254" y="-176"/>
  <i image="ani.3_1.png" delay="100" x="-254" y="-176"/>
  <i image="ani.3_2.png" delay="100" x="-254" y="-176"/>
  <i image="ani.3_3.png" delay="100" x="-254" y="-176"/>
  <i image="ani.3_4.png" delay="100" x="-254" y="-176"/>
  <i image="ani.3_5.png" delay="100" x="-254" y="-176"/>
  <i image="ani.3_6.png" delay="100" x="-254" y="-176"/>
  <i image="ani.3_7.png" delay="100" x="-254" y="-176"/>
  <i image="ani.3_8.png" delay="100" x="-254" y="-176"/>
  <i image="ani.3_9.png" delay="100" x="-254" y="-176"/>
  <i image="ani.3_10.png" delay="100" x="-254" y="-176"/>
</i>