<i>
  <i image="stand_0.png" delay="100" x="-50" y="-113"/>
  <i image="stand_1.png" delay="100" x="-50" y="-113"/>
  <i image="stand_2.png" delay="100" x="-50" y="-113"/>
  <i image="stand_3.png" delay="100" x="-50" y="-113"/>
  <i image="stand_4.png" delay="100" x="-50" y="-113"/>
  <i image="stand_5.png" delay="100" x="-50" y="-113"/>
  <i image="stand_6.png" delay="100" x="-50" y="-113"/>
  <i image="stand_7.png" delay="100" x="-50" y="-113"/>
  <i image="stand_8.png" delay="100" x="-50" y="-113"/>
  <i image="stand_9.png" delay="100" x="-50" y="-113"/>
  <i image="move_0.png" delay="100" x="-37" y="-113"/>
  <i image="move_1.png" delay="100" x="-37" y="-113"/>
  <i image="move_2.png" delay="100" x="-37" y="-113"/>
  <i image="move_3.png" delay="100" x="-37" y="-113"/>
  <i image="move_4.png" delay="100" x="-37" y="-113"/>
  <i image="move_5.png" delay="100" x="-37" y="-113"/>
  <i image="attack1.info.hit_0.png" delay="100" x="-75" y="-69"/>
  <i image="attack1.info.hit_1.png" delay="100" x="-75" y="-69"/>
  <i image="attack1.info.hit_2.png" delay="100" x="-75" y="-69"/>
  <i image="attack1_0.png" delay="100" x="-59" y="-114"/>
  <i image="attack1_1.png" delay="100" x="-59" y="-114"/>
  <i image="attack1_2.png" delay="100" x="-59" y="-114"/>
  <i image="attack1_3.png" delay="100" x="-59" y="-114"/>
  <i image="attack1_4.png" delay="100" x="-59" y="-114"/>
  <i image="attack1_5.png" delay="100" x="-59" y="-114"/>
  <i image="attack2.info.hit_0.png" delay="100" x="-61" y="-95"/>
  <i image="attack2.info.hit_1.png" delay="100" x="-61" y="-95"/>
  <i image="attack2.info.hit_2.png" delay="100" x="-61" y="-95"/>
  <i image="attack2_0.png" delay="100" x="-98" y="-114"/>
  <i image="attack2_1.png" delay="100" x="-98" y="-114"/>
  <i image="attack2_2.png" delay="100" x="-98" y="-114"/>
  <i image="attack2_3.png" delay="100" x="-98" y="-114"/>
  <i image="attack2_4.png" delay="100" x="-98" y="-114"/>
  <i image="attack2_5.png" delay="100" x="-98" y="-114"/>
  <i image="attack2_6.png" delay="100" x="-98" y="-114"/>
  <i image="hit1_0.png" delay="100" x="-56" y="-112"/>
  <i image="die1_0.png" delay="100" x="-99" y="-113"/>
  <i image="die1_1.png" delay="100" x="-99" y="-113"/>
  <i image="die1_2.png" delay="100" x="-99" y="-113"/>
  <i image="die1_3.png" delay="100" x="-99" y="-113"/>
  <i image="die1_4.png" delay="100" x="-99" y="-113"/>
  <i image="die1_5.png" delay="100" x="-99" y="-113"/>
  <i image="die1_6.png" delay="100" x="-99" y="-113"/>
  <i image="die1_7.png" delay="100" x="-99" y="-113"/>
  <i image="die1_8.png" delay="100" x="-99" y="-113"/>
  <i image="die1_9.png" delay="100" x="-99" y="-113"/>
  <i image="die1_10.png" delay="100" x="-99" y="-113"/>
  <i image="die1_11.png" delay="100" x="-99" y="-113"/>
</i>