<i>
  <i image="stand_0.png" delay="100" x="-56" y="-113"/>
  <i image="stand_1.png" delay="100" x="-56" y="-113"/>
  <i image="stand_2.png" delay="100" x="-56" y="-113"/>
  <i image="stand_3.png" delay="100" x="-56" y="-113"/>
  <i image="stand_4.png" delay="100" x="-56" y="-113"/>
  <i image="stand_5.png" delay="100" x="-56" y="-113"/>
  <i image="stand_6.png" delay="100" x="-56" y="-113"/>
  <i image="stand_7.png" delay="100" x="-56" y="-113"/>
  <i image="stand_8.png" delay="100" x="-56" y="-113"/>
  <i image="stand_9.png" delay="100" x="-56" y="-113"/>
  <i image="move_0.png" delay="100" x="-67" y="-113"/>
  <i image="move_1.png" delay="100" x="-67" y="-113"/>
  <i image="move_2.png" delay="100" x="-67" y="-113"/>
  <i image="move_3.png" delay="100" x="-67" y="-113"/>
  <i image="attack1.info.hit_0.png" delay="100" x="-44" y="-95"/>
  <i image="attack1.info.hit_1.png" delay="100" x="-44" y="-95"/>
  <i image="attack1.info.hit_2.png" delay="100" x="-44" y="-95"/>
  <i image="attack1.info.hit_3.png" delay="100" x="-44" y="-95"/>
  <i image="attack1_0.png" delay="100" x="-64" y="-118"/>
  <i image="attack1_1.png" delay="100" x="-64" y="-118"/>
  <i image="attack1_2.png" delay="100" x="-64" y="-118"/>
  <i image="attack1_3.png" delay="100" x="-64" y="-118"/>
  <i image="attack1_4.png" delay="100" x="-64" y="-118"/>
  <i image="attack1_5.png" delay="100" x="-64" y="-118"/>
  <i image="attack1_6.png" delay="100" x="-64" y="-118"/>
  <i image="attack1_7.png" delay="100" x="-64" y="-118"/>
  <i image="attack2.info.hit_0.png" delay="100" x="-41" y="-82"/>
  <i image="attack2.info.hit_1.png" delay="100" x="-41" y="-82"/>
  <i image="attack2.info.hit_2.png" delay="100" x="-41" y="-82"/>
  <i image="attack2.info.hit_3.png" delay="100" x="-41" y="-82"/>
  <i image="attack2_0.png" delay="100" x="-57" y="-115"/>
  <i image="attack2_1.png" delay="100" x="-57" y="-115"/>
  <i image="attack2_2.png" delay="100" x="-57" y="-115"/>
  <i image="attack2_3.png" delay="100" x="-57" y="-115"/>
  <i image="attack2_4.png" delay="100" x="-57" y="-115"/>
  <i image="attack2_5.png" delay="100" x="-57" y="-115"/>
  <i image="attack2_6.png" delay="100" x="-57" y="-115"/>
  <i image="hit1_0.png" delay="100" x="-70" y="-113"/>
  <i image="die1_0.png" delay="100" x="-101" y="-113"/>
  <i image="die1_1.png" delay="100" x="-101" y="-113"/>
  <i image="die1_2.png" delay="100" x="-101" y="-113"/>
  <i image="die1_3.png" delay="100" x="-101" y="-113"/>
  <i image="die1_4.png" delay="100" x="-101" y="-113"/>
  <i image="die1_5.png" delay="100" x="-101" y="-113"/>
  <i image="die1_6.png" delay="100" x="-101" y="-113"/>
</i>