<i>
  <i image="move_0.png" delay="250" x="-52" y="-111"/>
  <i image="move_1.png" delay="250" x="-52" y="-111"/>
  <i image="move_2.png" delay="250" x="-52" y="-111"/>
  <i image="move_3.png" delay="250" x="-52" y="-111"/>
  <i image="stand_0.png" delay="1000" x="-44" y="-107"/>
  <i image="stand_1.png" delay="150" x="-44" y="-107"/>
  <i image="stand_2.png" delay="80" x="-44" y="-107"/>
  <i image="attack1.info.hit_0.png" delay="100" x="-74" y="-143"/>
  <i image="attack1.info.hit_1.png" delay="100" x="-74" y="-143"/>
  <i image="attack1.info.hit_2.png" delay="100" x="-74" y="-143"/>
  <i image="attack1.info.hit_3.png" delay="100" x="-74" y="-143"/>
  <i image="attack1_0.png" delay="250" x="-178" y="-187"/>
  <i image="attack1_1.png" delay="120" x="-178" y="-187"/>
  <i image="attack1_2.png" delay="120" x="-178" y="-187"/>
  <i image="attack1_3.png" delay="200" x="-178" y="-187"/>
  <i image="attack1_4.png" delay="120" x="-178" y="-187"/>
  <i image="attack1_5.png" delay="120" x="-178" y="-187"/>
  <i image="attack1_6.png" delay="150" x="-178" y="-187"/>
  <i image="attack1_7.png" delay="200" x="-178" y="-187"/>
  <i image="attack1_8.png" delay="300" x="-178" y="-187"/>
  <i image="skill1_0.png" delay="90" x="-45" y="-108"/>
  <i image="skill1_1.png" delay="90" x="-45" y="-108"/>
  <i image="skill1_2.png" delay="90" x="-45" y="-108"/>
  <i image="skill1_3.png" delay="90" x="-45" y="-108"/>
  <i image="skill1_4.png" delay="90" x="-45" y="-108"/>
  <i image="skill1_5.png" delay="90" x="-45" y="-108"/>
  <i image="skill1_6.png" delay="90" x="-45" y="-108"/>
  <i image="skill1_7.png" delay="90" x="-45" y="-108"/>
  <i image="skill1_8.png" delay="90" x="-45" y="-108"/>
  <i image="skill1_9.png" delay="90" x="-45" y="-108"/>
  <i image="hit1_0.png" delay="300" x="-44" y="-117"/>
  <i image="hit1_1.png" delay="300" x="-44" y="-117"/>
  <i image="die1_0.png" delay="120" x="-132" y="-107"/>
  <i image="die1_1.png" delay="120" x="-132" y="-107"/>
  <i image="die1_2.png" delay="200" x="-132" y="-107"/>
  <i image="die1_3.png" delay="120" x="-132" y="-107"/>
  <i image="die1_4.png" delay="120" x="-132" y="-107"/>
  <i image="die1_5.png" delay="120" x="-132" y="-107"/>
  <i image="die1_6.png" delay="300" x="-132" y="-107"/>
</i>