<i>
  <i image="stand_0.png" delay="120" x="561" y="-495"/>
  <i image="attack1.info.hit_0.png" delay="120" x="-63" y="-112"/>
  <i image="attack1.info.hit_1.png" delay="120" x="-63" y="-112"/>
  <i image="attack1.info.hit_2.png" delay="120" x="-63" y="-112"/>
  <i image="attack1.info.hit_3.png" delay="120" x="-63" y="-112"/>
  <i image="attack1.info.hit_4.png" delay="120" x="-63" y="-112"/>
  <i image="attack1.info.hit_5.png" delay="120" x="-63" y="-112"/>
  <i image="attack1.info.hit_6.png" delay="120" x="-63" y="-112"/>
  <i image="attack1_0.png" delay="120" x="561" y="-615"/>
  <i image="attack1_1.png" delay="120" x="561" y="-615"/>
  <i image="attack1_2.png" delay="120" x="561" y="-615"/>
  <i image="attack1_3.png" delay="120" x="561" y="-615"/>
  <i image="attack1_4.png" delay="120" x="561" y="-615"/>
  <i image="attack1_5.png" delay="120" x="561" y="-615"/>
  <i image="attack1_6.png" delay="120" x="561" y="-615"/>
  <i image="attack1_7.png" delay="120" x="561" y="-615"/>
  <i image="attack1_8.png" delay="120" x="561" y="-615"/>
  <i image="attack1_9.png" delay="120" x="561" y="-615"/>
  <i image="attack1_10.png" delay="120" x="561" y="-615"/>
  <i image="attack1_11.png" delay="120" x="561" y="-615"/>
  <i image="attack1_12.png" delay="120" x="561" y="-615"/>
  <i image="attack1_13.png" delay="120" x="561" y="-615"/>
  <i image="attack1_14.png" delay="120" x="561" y="-615"/>
  <i image="attack1_15.png" delay="120" x="561" y="-615"/>
  <i image="attack1_16.png" delay="120" x="561" y="-615"/>
  <i image="attack1_17.png" delay="120" x="561" y="-615"/>
  <i image="attack2.info.hit_0.png" delay="120" x="-77" y="-774"/>
  <i image="attack2.info.hit_1.png" delay="120" x="-77" y="-774"/>
  <i image="attack2.info.hit_2.png" delay="120" x="-77" y="-774"/>
  <i image="attack2.info.hit_3.png" delay="120" x="-77" y="-774"/>
  <i image="attack2.info.hit_4.png" delay="120" x="-77" y="-774"/>
  <i image="attack2_0.png" delay="120" x="448" y="-900"/>
  <i image="attack2_1.png" delay="120" x="448" y="-900"/>
  <i image="attack2_2.png" delay="120" x="448" y="-900"/>
  <i image="attack2_3.png" delay="120" x="448" y="-900"/>
  <i image="attack2_4.png" delay="120" x="448" y="-900"/>
  <i image="attack2_5.png" delay="120" x="448" y="-900"/>
  <i image="attack2_6.png" delay="120" x="448" y="-900"/>
  <i image="attack2_7.png" delay="120" x="448" y="-900"/>
  <i image="attack2_8.png" delay="120" x="448" y="-900"/>
  <i image="attack2_9.png" delay="120" x="448" y="-900"/>
  <i image="attack2_10.png" delay="120" x="448" y="-900"/>
  <i image="attack2_11.png" delay="120" x="448" y="-900"/>
  <i image="attack2_12.png" delay="120" x="448" y="-900"/>
  <i image="attack2_13.png" delay="120" x="448" y="-900"/>
  <i image="attack2_14.png" delay="120" x="448" y="-900"/>
  <i image="attack2_15.png" delay="120" x="448" y="-900"/>
  <i image="attack2_16.png" delay="120" x="448" y="-900"/>
  <i image="attack2_17.png" delay="120" x="448" y="-900"/>
  <i image="attack2_18.png" delay="120" x="448" y="-900"/>
  <i image="attack2_19.png" delay="120" x="448" y="-900"/>
  <i image="attack3.info.hit_0.png" delay="90" x="-155" y="-113"/>
  <i image="attack3.info.hit_1.png" delay="90" x="-155" y="-113"/>
  <i image="attack3.info.hit_2.png" delay="90" x="-155" y="-113"/>
  <i image="attack3.info.hit_3.png" delay="90" x="-155" y="-113"/>
  <i image="attack3.info.hit_4.png" delay="90" x="-155" y="-113"/>
  <i image="attack3.info.hit_5.png" delay="90" x="-155" y="-113"/>
  <i image="attack3.info.hit_6.png" delay="90" x="-155" y="-113"/>
  <i image="attack3.info.hit_7.png" delay="90" x="-155" y="-113"/>
  <i image="attack3_0.png" delay="120" x="453" y="-511"/>
  <i image="attack3_1.png" delay="120" x="453" y="-511"/>
  <i image="attack3_2.png" delay="120" x="453" y="-511"/>
  <i image="attack3_3.png" delay="120" x="453" y="-511"/>
  <i image="attack3_4.png" delay="120" x="453" y="-511"/>
  <i image="attack3_5.png" delay="120" x="453" y="-511"/>
  <i image="attack3_6.png" delay="120" x="453" y="-511"/>
  <i image="attack3_7.png" delay="120" x="453" y="-511"/>
  <i image="attack3_8.png" delay="120" x="453" y="-511"/>
  <i image="attack3_9.png" delay="120" x="453" y="-511"/>
  <i image="attack3_10.png" delay="120" x="453" y="-511"/>
  <i image="attack3_11.png" delay="120" x="453" y="-511"/>
  <i image="attack3_12.png" delay="120" x="453" y="-511"/>
  <i image="attack3_13.png" delay="120" x="453" y="-511"/>
  <i image="attack3_14.png" delay="120" x="453" y="-511"/>
  <i image="attack3_15.png" delay="120" x="453" y="-511"/>
  <i image="attack3_16.png" delay="120" x="453" y="-511"/>
  <i image="attack3_17.png" delay="120" x="453" y="-511"/>
  <i image="attack3_18.png" delay="120" x="453" y="-511"/>
  <i image="hit1_0.png" delay="600" x="561" y="-510"/>
  <i image="die1_0.png" delay="180" x="551" y="-506"/>
  <i image="die1_1.png" delay="180" x="551" y="-506"/>
  <i image="die1_2.png" delay="180" x="551" y="-506"/>
  <i image="die1_3.png" delay="180" x="551" y="-506"/>
  <i image="die1_4.png" delay="180" x="551" y="-506"/>
  <i image="die1_5.png" delay="180" x="551" y="-506"/>
  <i image="die1_6.png" delay="180" x="551" y="-506"/>
  <i image="die1_7.png" delay="180" x="551" y="-506"/>
  <i image="die1_8.png" delay="180" x="551" y="-506"/>
  <i image="die1_9.png" delay="180" x="551" y="-506"/>
  <i image="die1_10.png" delay="600" x="551" y="-506"/>
</i>