<i>
  <i image="fly_0.png" delay="125" x="-55" y="-96"/>
  <i image="fly_1.png" delay="125" x="-55" y="-96"/>
  <i image="fly_2.png" delay="125" x="-55" y="-96"/>
  <i image="fly_3.png" delay="125" x="-55" y="-96"/>
  <i image="fly_4.png" delay="125" x="-55" y="-96"/>
  <i image="fly_5.png" delay="125" x="-55" y="-96"/>
  <i image="move_0.png" delay="90" x="-55" y="-99"/>
  <i image="move_1.png" delay="90" x="-55" y="-99"/>
  <i image="move_2.png" delay="90" x="-55" y="-99"/>
  <i image="move_3.png" delay="90" x="-55" y="-99"/>
  <i image="move_4.png" delay="90" x="-55" y="-99"/>
  <i image="move_5.png" delay="90" x="-55" y="-99"/>
  <i image="attack1.info.effect_0.png" delay="60" x="-331" y="-30"/>
  <i image="attack1.info.effect_1.png" delay="60" x="-331" y="-30"/>
  <i image="attack1.info.effect_2.png" delay="60" x="-331" y="-30"/>
  <i image="attack1.info.hit_0.png" delay="100" x="-50" y="-53"/>
  <i image="attack1.info.hit_1.png" delay="100" x="-50" y="-53"/>
  <i image="attack1_0.png" delay="125" x="-225" y="-104"/>
  <i image="attack1_1.png" delay="125" x="-225" y="-104"/>
  <i image="attack1_2.png" delay="125" x="-225" y="-104"/>
  <i image="attack1_3.png" delay="125" x="-225" y="-104"/>
  <i image="attack1_4.png" delay="125" x="-225" y="-104"/>
  <i image="attack1_5.png" delay="125" x="-225" y="-104"/>
  <i image="attack1_6.png" delay="125" x="-225" y="-104"/>
  <i image="attack1_7.png" delay="125" x="-225" y="-104"/>
  <i image="attack1_8.png" delay="125" x="-225" y="-104"/>
  <i image="attack1_9.png" delay="125" x="-225" y="-104"/>
  <i image="attack1_10.png" delay="125" x="-225" y="-104"/>
  <i image="attack1_11.png" delay="125" x="-225" y="-104"/>
  <i image="attack1_12.png" delay="125" x="-225" y="-104"/>
  <i image="attack1_13.png" delay="125" x="-225" y="-104"/>
  <i image="attack1_14.png" delay="125" x="-225" y="-104"/>
  <i image="attack1_15.png" delay="125" x="-225" y="-104"/>
  <i image="attack1_16.png" delay="125" x="-225" y="-104"/>
  <i image="attack1_17.png" delay="125" x="-225" y="-104"/>
  <i image="skill1_0.png" delay="110" x="-138" y="-130"/>
  <i image="skill1_1.png" delay="110" x="-138" y="-130"/>
  <i image="skill1_2.png" delay="110" x="-138" y="-130"/>
  <i image="skill1_3.png" delay="110" x="-138" y="-130"/>
  <i image="skill1_4.png" delay="110" x="-138" y="-130"/>
  <i image="skill1_5.png" delay="110" x="-138" y="-130"/>
  <i image="skill1_6.png" delay="110" x="-138" y="-130"/>
  <i image="skill1_7.png" delay="110" x="-138" y="-130"/>
  <i image="skill1_8.png" delay="110" x="-138" y="-130"/>
  <i image="skill1_9.png" delay="110" x="-138" y="-130"/>
  <i image="hit1_0.png" delay="600" x="-59" y="-121"/>
  <i image="die1_0.png" delay="100" x="-55" y="-96"/>
  <i image="die1_1.png" delay="100" x="-55" y="-96"/>
  <i image="die1_2.png" delay="100" x="-55" y="-96"/>
  <i image="die1_3.png" delay="100" x="-55" y="-96"/>
  <i image="die1_4.png" delay="100" x="-55" y="-96"/>
  <i image="die1_5.png" delay="100" x="-55" y="-96"/>
  <i image="die1_6.png" delay="100" x="-55" y="-96"/>
  <i image="die1_7.png" delay="100" x="-55" y="-96"/>
  <i image="die1_8.png" delay="300" x="-55" y="-96"/>
</i>