<i>
  <i image="move_0.png" delay="150" x="-52" y="-101"/>
  <i image="move_1.png" delay="150" x="-52" y="-101"/>
  <i image="move_2.png" delay="150" x="-52" y="-101"/>
  <i image="move_3.png" delay="150" x="-52" y="-101"/>
  <i image="move_4.png" delay="150" x="-52" y="-101"/>
  <i image="move_5.png" delay="150" x="-52" y="-101"/>
  <i image="attack1_0.png" delay="150" x="-142" y="-117"/>
  <i image="attack1_1.png" delay="150" x="-142" y="-117"/>
  <i image="attack1_2.png" delay="150" x="-142" y="-117"/>
  <i image="attack1_3.png" delay="150" x="-142" y="-117"/>
  <i image="attack1_4.png" delay="150" x="-142" y="-117"/>
  <i image="attack1_5.png" delay="150" x="-142" y="-117"/>
  <i image="stand_0.png" delay="150" x="-47" y="-97"/>
  <i image="stand_1.png" delay="150" x="-47" y="-97"/>
  <i image="stand_2.png" delay="150" x="-47" y="-97"/>
  <i image="stand_3.png" delay="150" x="-47" y="-97"/>
  <i image="stand_4.png" delay="150" x="-47" y="-97"/>
  <i image="hit1_0.png" delay="600" x="-47" y="-110"/>
  <i image="die1_0.png" delay="150" x="-67" y="-161"/>
  <i image="die1_1.png" delay="150" x="-67" y="-161"/>
  <i image="die1_2.png" delay="150" x="-67" y="-161"/>
  <i image="die1_3.png" delay="150" x="-67" y="-161"/>
  <i image="die1_4.png" delay="150" x="-67" y="-161"/>
  <i image="die1_5.png" delay="150" x="-67" y="-161"/>
  <i image="die1_6.png" delay="150" x="-67" y="-161"/>
  <i image="die1_7.png" delay="150" x="-67" y="-161"/>
  <i image="die1_8.png" delay="150" x="-67" y="-161"/>
  <i image="die1_9.png" delay="150" x="-67" y="-161"/>
  <i image="die1_10.png" delay="150" x="-67" y="-161"/>
  <i image="die1_11.png" delay="150" x="-67" y="-161"/>
  <i image="regen_0.png" delay="150" x="-93" y="-230"/>
  <i image="regen_1.png" delay="150" x="-93" y="-230"/>
  <i image="regen_2.png" delay="150" x="-93" y="-230"/>
  <i image="regen_3.png" delay="150" x="-93" y="-230"/>
  <i image="regen_4.png" delay="150" x="-93" y="-230"/>
  <i image="regen_5.png" delay="150" x="-93" y="-230"/>
  <i image="regen_6.png" delay="100" x="-93" y="-230"/>
  <i image="regen_7.png" delay="100" x="-93" y="-230"/>
  <i image="regen_8.png" delay="100" x="-93" y="-230"/>
</i>