<i>
  <i image="walk2_0.png" delay="180" x="-37" y="-95"/>
  <i image="walk2_1.png" delay="180" x="-37" y="-95"/>
  <i image="walk2_2.png" delay="180" x="-37" y="-95"/>
  <i image="walk2_3.png" delay="180" x="-37" y="-95"/>
  <i image="stand2_0.png" delay="500" x="-37" y="-95"/>
  <i image="stand2_1.png" delay="500" x="-37" y="-95"/>
  <i image="stand2_2.png" delay="500" x="-37" y="-95"/>
  <i image="stand2_3.png" delay="500" x="-37" y="-95"/>
  <i image="stand2_4.png" delay="500" x="-37" y="-95"/>
  <i image="alert_0.png" delay="500" x="-63" y="-94"/>
  <i image="alert_1.png" delay="500" x="-63" y="-94"/>
  <i image="alert_2.png" delay="500" x="-63" y="-94"/>
  <i image="alert_3.png" delay="500" x="-63" y="-94"/>
  <i image="alert_4.png" delay="500" x="-63" y="-94"/>
  <i image="swingT2_0.png" delay="300" x="-90" y="-111"/>
  <i image="swingT2_1.png" delay="150" x="-90" y="-111"/>
  <i image="swingT2_2.png" delay="350" x="-90" y="-111"/>
  <i image="swingP1_0.png" delay="300" x="-111" y="-97"/>
  <i image="swingP1_1.png" delay="150" x="-111" y="-97"/>
  <i image="swingP1_2.png" delay="350" x="-111" y="-97"/>
  <i image="swingP2_0.png" delay="300" x="-87" y="-95"/>
  <i image="swingP2_1.png" delay="150" x="-87" y="-95"/>
  <i image="swingP2_2.png" delay="350" x="-87" y="-95"/>
  <i image="swingPF_0.png" delay="100" x="-135" y="-121"/>
  <i image="swingPF_1.png" delay="200" x="-135" y="-121"/>
  <i image="swingPF_2.png" delay="200" x="-135" y="-121"/>
  <i image="swingPF_3.png" delay="200" x="-135" y="-121"/>
  <i image="stabT1_0.png" delay="300" x="-124" y="-91"/>
  <i image="stabT1_1.png" delay="100" x="-124" y="-91"/>
  <i image="stabT1_2.png" delay="350" x="-124" y="-91"/>
  <i image="stabT2_0.png" delay="300" x="-103" y="-92"/>
  <i image="stabT2_1.png" delay="100" x="-103" y="-92"/>
  <i image="stabT2_2.png" delay="350" x="-103" y="-92"/>
  <i image="stabTF_0.png" delay="100" x="-124" y="-121"/>
  <i image="stabTF_1.png" delay="200" x="-124" y="-121"/>
  <i image="stabTF_2.png" delay="200" x="-124" y="-121"/>
  <i image="stabTF_3.png" delay="200" x="-124" y="-121"/>
  <i image="proneStab_0.png" delay="300" x="-121" y="-67"/>
  <i image="proneStab_1.png" delay="400" x="-121" y="-67"/>
  <i image="prone_0.png" delay="100" x="-102" y="-67"/>
  <i image="fly_0.png" delay="300" x="-37" y="-100"/>
  <i image="fly_1.png" delay="300" x="-37" y="-100"/>
  <i image="jump_0.png" delay="200" x="-37" y="-93"/>
  <i image="sit_0.png" delay="100" x="-34" y="-91"/>
  <i image="ladder_0.png" delay="250" x="-32" y="-93"/>
  <i image="ladder_1.png" delay="250" x="-32" y="-93"/>
  <i image="rope_0.png" delay="250" x="-30" y="-96"/>
  <i image="rope_1.png" delay="250" x="-30" y="-96"/>
</i>