<i>
  <i image="move_0.png" delay="150" x="-40" y="-94"/>
  <i image="move_1.png" delay="150" x="-40" y="-94"/>
  <i image="move_2.png" delay="150" x="-40" y="-94"/>
  <i image="move_3.png" delay="150" x="-40" y="-94"/>
  <i image="stand_0.png" delay="150" x="-40" y="-92"/>
  <i image="stand_1.png" delay="150" x="-40" y="-92"/>
  <i image="stand_2.png" delay="150" x="-40" y="-92"/>
  <i image="stand_3.png" delay="150" x="-40" y="-92"/>
  <i image="attack1.info.hit_0.png" delay="90" x="-35" y="-69"/>
  <i image="attack1.info.hit_1.png" delay="90" x="-35" y="-69"/>
  <i image="attack1.info.hit_2.png" delay="90" x="-35" y="-69"/>
  <i image="attack1.info.hit_3.png" delay="90" x="-35" y="-69"/>
  <i image="attack1_0.png" delay="150" x="-73" y="-97"/>
  <i image="attack1_1.png" delay="150" x="-73" y="-97"/>
  <i image="attack1_2.png" delay="150" x="-73" y="-97"/>
  <i image="attack1_3.png" delay="150" x="-73" y="-97"/>
  <i image="attack1_4.png" delay="150" x="-73" y="-97"/>
  <i image="attack1_5.png" delay="150" x="-73" y="-97"/>
  <i image="hit1_0.png" delay="600" x="-34" y="-106"/>
  <i image="die1_0.png" delay="100" x="-39" y="-170"/>
  <i image="die1_1.png" delay="100" x="-39" y="-170"/>
  <i image="die1_2.png" delay="100" x="-39" y="-170"/>
  <i image="die1_3.png" delay="100" x="-39" y="-170"/>
  <i image="die1_4.png" delay="100" x="-39" y="-170"/>
  <i image="die1_5.png" delay="100" x="-39" y="-170"/>
  <i image="die1_6.png" delay="100" x="-39" y="-170"/>
  <i image="die1_7.png" delay="100" x="-39" y="-170"/>
  <i image="die1_8.png" delay="100" x="-39" y="-170"/>
  <i image="die1_9.png" delay="100" x="-39" y="-170"/>
  <i image="die1_10.png" delay="100" x="-39" y="-170"/>
</i>