<i>
  <i image="back_0.png" delay="100" x="-600" y="-450"/>
  <i image="back_1.png" delay="100" x="-600" y="-450"/>
  <i image="back_2.png" delay="100" x="-600" y="-450"/>
  <i image="back_3.png" delay="100" x="-600" y="-450"/>
  <i image="back_4.png" delay="100" x="-600" y="-450"/>
  <i image="back_5.png" delay="100" x="-600" y="-450"/>
  <i image="back_6.png" delay="100" x="-600" y="-450"/>
  <i image="back_7.png" delay="100" x="-600" y="-450"/>
  <i image="back_8.png" delay="100" x="-600" y="-450"/>
  <i image="back_9.png" delay="100" x="-600" y="-450"/>
  <i image="back_10.png" delay="100" x="-600" y="-450"/>
  <i image="back_11.png" delay="100" x="-600" y="-450"/>
  <i image="back_12.png" delay="100" x="-600" y="-450"/>
  <i image="ani.0_0.png" delay="100" x="-161" y="-248"/>
  <i image="ani.0_1.png" delay="100" x="-161" y="-248"/>
  <i image="ani.0_2.png" delay="100" x="-161" y="-248"/>
  <i image="ani.0_3.png" delay="100" x="-161" y="-248"/>
  <i image="ani.0_4.png" delay="100" x="-161" y="-248"/>
  <i image="ani.0_5.png" delay="100" x="-161" y="-248"/>
  <i image="ani.0_6.png" delay="100" x="-161" y="-248"/>
  <i image="ani.0_7.png" delay="100" x="-161" y="-248"/>
  <i image="ani.0_8.png" delay="100" x="-161" y="-248"/>
  <i image="ani.0_9.png" delay="100" x="-161" y="-248"/>
  <i image="ani.0_10.png" delay="100" x="-161" y="-248"/>
  <i image="ani.0_11.png" delay="100" x="-161" y="-248"/>
  <i image="ani.1_0.png" delay="100" x="-18" y="-374"/>
  <i image="ani.1_1.png" delay="100" x="-18" y="-374"/>
  <i image="ani.1_2.png" delay="100" x="-18" y="-374"/>
  <i image="ani.2_0.png" delay="100" x="-52" y="-285"/>
  <i image="ani.2_1.png" delay="100" x="-52" y="-285"/>
  <i image="ani.2_2.png" delay="100" x="-52" y="-285"/>
  <i image="ani.3_0.png" delay="100" x="-28" y="-375"/>
  <i image="ani.3_1.png" delay="100" x="-28" y="-375"/>
  <i image="ani.3_2.png" delay="100" x="-28" y="-375"/>
  <i image="ani.4_0.png" delay="100" x="-91" y="-380"/>
  <i image="ani.4_1.png" delay="100" x="-91" y="-380"/>
  <i image="ani.4_2.png" delay="100" x="-91" y="-380"/>
</i>