<i>
  <i image="summon.summoned_0.png" delay="120" x="-120" y="-227"/>
  <i image="summon.summoned_1.png" delay="120" x="-120" y="-227"/>
  <i image="summon.summoned_2.png" delay="120" x="-120" y="-227"/>
  <i image="summon.summoned_3.png" delay="120" x="-120" y="-227"/>
  <i image="summon.summoned_4.png" delay="120" x="-120" y="-227"/>
  <i image="summon.summoned_5.png" delay="120" x="-120" y="-227"/>
  <i image="summon.summoned_6.png" delay="120" x="-120" y="-227"/>
  <i image="summon.summoned_7.png" delay="120" x="-120" y="-227"/>
  <i image="summon.stand_0.png" delay="120" x="-83" y="-172"/>
  <i image="summon.stand_1.png" delay="120" x="-83" y="-172"/>
  <i image="summon.stand_2.png" delay="120" x="-83" y="-172"/>
  <i image="summon.stand_3.png" delay="120" x="-83" y="-172"/>
  <i image="summon.stand_4.png" delay="120" x="-83" y="-172"/>
  <i image="summon.stand_5.png" delay="120" x="-83" y="-172"/>
  <i image="summon.attack1_0.png" delay="120" x="-108" y="-188"/>
  <i image="summon.attack1_1.png" delay="120" x="-108" y="-188"/>
  <i image="summon.attack1_2.png" delay="120" x="-108" y="-188"/>
  <i image="summon.attack1_3.png" delay="120" x="-108" y="-188"/>
  <i image="summon.attack1_4.png" delay="120" x="-108" y="-188"/>
  <i image="summon.attack1_5.png" delay="120" x="-108" y="-188"/>
  <i image="summon.attack1_6.png" delay="120" x="-108" y="-188"/>
  <i image="summon.attack1_7.png" delay="120" x="-108" y="-188"/>
  <i image="summon.attack1_8.png" delay="120" x="-108" y="-188"/>
  <i image="summon.attack1_9.png" delay="120" x="-108" y="-188"/>
  <i image="summon.attack1_10.png" delay="120" x="-108" y="-188"/>
  <i image="summon.attack1_11.png" delay="120" x="-108" y="-188"/>
  <i image="summon.attack1_12.png" delay="120" x="-108" y="-188"/>
  <i image="summon.attack1_13.png" delay="120" x="-108" y="-188"/>
  <i image="summon.attack1_14.png" delay="120" x="-108" y="-188"/>
  <i image="summon.attack1_15.png" delay="120" x="-108" y="-188"/>
  <i image="summon.attack1_16.png" delay="120" x="-108" y="-188"/>
  <i image="summon.attack1_17.png" delay="120" x="-108" y="-188"/>
  <i image="summon.die_0.png" delay="120" x="-120" y="-210"/>
  <i image="summon.die_1.png" delay="120" x="-120" y="-210"/>
  <i image="summon.die_2.png" delay="120" x="-120" y="-210"/>
  <i image="summon.die_3.png" delay="120" x="-120" y="-210"/>
  <i image="summon.die_4.png" delay="120" x="-120" y="-210"/>
  <i image="summon.die_5.png" delay="120" x="-120" y="-210"/>
  <i image="summon.die_6.png" delay="120" x="-120" y="-210"/>
  <i image="summon.die_7.png" delay="120" x="-120" y="-210"/>
  <i image="summon.die_8.png" delay="120" x="-120" y="-210"/>
  <i image="summon.die_9.png" delay="120" x="-120" y="-210"/>
  <i image="hit.0_0.png" delay="120" x="-90" y="-211"/>
  <i image="hit.0_1.png" delay="120" x="-90" y="-211"/>
  <i image="hit.0_2.png" delay="120" x="-90" y="-211"/>
  <i image="hit.0_3.png" delay="120" x="-90" y="-211"/>
  <i image="hit.0_4.png" delay="120" x="-90" y="-211"/>
  <i image="hit.0_5.png" delay="120" x="-90" y="-211"/>
  <i image="hit.0_6.png" delay="120" x="-90" y="-211"/>
  <i image="hit.0_7.png" delay="120" x="-90" y="-211"/>
  <i image="2221005_0.png" delay="100" x="-32" y="-32"/>
  <i image="2221005_1.png" delay="100" x="-32" y="-32"/>
  <i image="2221005_2.png" delay="100" x="-32" y="-32"/>
  <i image="summon.move_0.png" delay="120" x="-84" y="-171"/>
  <i image="summon.move_1.png" delay="120" x="-84" y="-171"/>
  <i image="summon.move_2.png" delay="120" x="-84" y="-171"/>
  <i image="summon.move_3.png" delay="120" x="-84" y="-171"/>
  <i image="summon.move_4.png" delay="120" x="-84" y="-171"/>
  <i image="summon.move_5.png" delay="120" x="-84" y="-171"/>
</i>