<i>
  <i image="move_0.png" delay="200" x="-62" y="-132"/>
  <i image="move_1.png" delay="200" x="-62" y="-132"/>
  <i image="move_2.png" delay="200" x="-62" y="-132"/>
  <i image="move_3.png" delay="200" x="-62" y="-132"/>
  <i image="stand_0.png" delay="280" x="-59" y="-134"/>
  <i image="stand_1.png" delay="280" x="-59" y="-134"/>
  <i image="stand_2.png" delay="280" x="-59" y="-134"/>
  <i image="stand_3.png" delay="280" x="-59" y="-134"/>
  <i image="skill1_0.png" delay="130" x="-88" y="-134"/>
  <i image="skill1_1.png" delay="130" x="-88" y="-134"/>
  <i image="skill1_2.png" delay="130" x="-88" y="-134"/>
  <i image="skill1_3.png" delay="130" x="-88" y="-134"/>
  <i image="skill1_4.png" delay="130" x="-88" y="-134"/>
  <i image="skill1_5.png" delay="130" x="-88" y="-134"/>
  <i image="skill1_6.png" delay="130" x="-88" y="-134"/>
  <i image="skill1_7.png" delay="130" x="-88" y="-134"/>
  <i image="skill1_8.png" delay="280" x="-88" y="-134"/>
  <i image="skill1_9.png" delay="280" x="-88" y="-134"/>
  <i image="skill1_10.png" delay="280" x="-88" y="-134"/>
  <i image="skill1_11.png" delay="280" x="-88" y="-134"/>
  <i image="hit1_0.png" delay="600" x="-34" y="-141"/>
  <i image="die1_0.png" delay="150" x="-34" y="-141"/>
  <i image="die1_1.png" delay="150" x="-34" y="-141"/>
  <i image="die1_2.png" delay="150" x="-34" y="-141"/>
  <i image="die1_3.png" delay="150" x="-34" y="-141"/>
  <i image="die1_4.png" delay="150" x="-34" y="-141"/>
  <i image="die1_5.png" delay="150" x="-34" y="-141"/>
  <i image="die1_6.png" delay="150" x="-34" y="-141"/>
  <i image="die1_7.png" delay="200" x="-34" y="-141"/>
  <i image="die1_8.png" delay="150" x="-34" y="-141"/>
  <i image="die1_9.png" delay="150" x="-34" y="-141"/>
  <i image="die1_10.png" delay="300" x="-34" y="-141"/>
</i>