<i>
  <i image="stand_0.png" delay="180" x="-23" y="-67"/>
  <i image="stand_1.png" delay="180" x="-23" y="-67"/>
  <i image="stand_2.png" delay="180" x="-23" y="-67"/>
  <i image="stand_3.png" delay="180" x="-23" y="-67"/>
  <i image="move_0.png" delay="120" x="-23" y="-68"/>
  <i image="move_1.png" delay="120" x="-23" y="-68"/>
  <i image="move_2.png" delay="120" x="-23" y="-68"/>
  <i image="move_3.png" delay="120" x="-23" y="-68"/>
  <i image="attack1.info.ball_0.png" delay="60" x="-15" y="-14"/>
  <i image="attack1.info.ball_1.png" delay="60" x="-15" y="-14"/>
  <i image="attack1.info.hit_0.png" delay="100" x="-37" y="-38"/>
  <i image="attack1.info.hit_1.png" delay="100" x="-37" y="-38"/>
  <i image="attack1.info.hit_2.png" delay="100" x="-37" y="-38"/>
  <i image="attack1.info.hit_3.png" delay="100" x="-37" y="-38"/>
  <i image="attack1_0.png" delay="90" x="-23" y="-80"/>
  <i image="attack1_1.png" delay="90" x="-23" y="-80"/>
  <i image="attack1_2.png" delay="90" x="-23" y="-80"/>
  <i image="attack1_3.png" delay="90" x="-23" y="-80"/>
  <i image="attack1_4.png" delay="90" x="-23" y="-80"/>
  <i image="attack1_5.png" delay="90" x="-23" y="-80"/>
  <i image="attack1_6.png" delay="90" x="-23" y="-80"/>
  <i image="attack1_7.png" delay="90" x="-23" y="-80"/>
  <i image="attack1_8.png" delay="90" x="-23" y="-80"/>
  <i image="attack1_9.png" delay="90" x="-23" y="-80"/>
  <i image="attack1_10.png" delay="180" x="-23" y="-80"/>
  <i image="attack1_11.png" delay="180" x="-23" y="-80"/>
  <i image="attack1_12.png" delay="180" x="-23" y="-80"/>
  <i image="attack1_13.png" delay="180" x="-23" y="-80"/>
  <i image="hit1_0.png" delay="100" x="-25" y="-71"/>
  <i image="die1_0.png" delay="100" x="-75" y="-108"/>
  <i image="die1_1.png" delay="100" x="-75" y="-108"/>
  <i image="die1_2.png" delay="100" x="-75" y="-108"/>
  <i image="die1_3.png" delay="100" x="-75" y="-108"/>
  <i image="die1_4.png" delay="100" x="-75" y="-108"/>
  <i image="die1_5.png" delay="100" x="-75" y="-108"/>
  <i image="die1_6.png" delay="100" x="-75" y="-108"/>
  <i image="die1_7.png" delay="100" x="-75" y="-108"/>
  <i image="die1_8.png" delay="100" x="-75" y="-108"/>
</i>